paper_id,category,is_primary
2101.00400,cs.IR,True
2101.00400,cs.GT,False
2101.00400,cs.LG,False
2101.00400,cs.SI,False
2101.00400,stat.ML,False
2101.00457,stat.AP,True
2101.00784,cs.CV,True
2101.00784,eess.IV,False
2101.01662,stat.AP,True
2101.02104,stat.AP,True
2101.03541,cs.CV,True
2101.03541,cs.AI,False
2101.03541,cs.LG,False
2101.04954,cs.HC,True
2101.04954,cs.CV,False
2101.05388,cs.LG,True
2101.05388,cs.GT,False
2101.07042,cs.CV,True
2101.08175,stat.ME,True
2101.08175,stat.AP,False
2101.08434,cs.CV,True
2101.10870,eess.SP,True
2101.10870,cs.AI,False
2101.10870,cs.LG,False
2101.10438,cs.RO,True
2101.10597,stat.AP,True
2101.11556,cs.IR,True
2101.11556,cs.HC,False
2102.00815,cs.LG,True
2102.00815,cs.AI,False
2102.00815,stat.ML,False
2102.01074,cs.HC,True
2102.01846,stat.AP,True
2102.01952,stat.AP,True
2102.01952,cs.LG,False
2102.02115,eess.IV,True
2102.02115,cs.CV,False
2102.02478,cs.CL,True
2102.02478,cs.IR,False
2102.03291,cs.LG,True
2102.03291,cs.MA,False
2102.03310,cs.CV,True
2102.03391,cs.CV,True
2102.03391,cs.LG,False
2102.03639,stat.AP,True
2102.03639,stat.CO,False
2102.03639,stat.ME,False
2102.03639,stat.ML,False
2102.04331,cs.CV,True
2102.05020,physics.bio-ph,True
2102.05020,cs.LG,False
2102.05020,stat.AP,False
2102.06429,cs.IR,True
2102.06429,cs.LG,False
2102.07545,cs.AI,True
2102.07624,cs.CV,True
2102.09288,stat.AP,True
2102.09381,cs.LG,True
2102.09381,cs.AI,False
2102.09381,cs.GT,False
2102.09469,cs.AI,True
2102.09469,cs.GT,False
2102.09689,stat.AP,True
2102.12523,cs.HC,True
2102.12523,cs.CY,False
2102.12523,q-bio.NC,False
2103.01955,cs.LG,True
2103.01955,cs.AI,False
2103.01955,cs.MA,False
2103.02938,cs.HC,True
2103.02938,eess.SY,False
2103.04349,cs.LG,True
2103.04349,eess.SY,False
2103.04647,stat.AP,True
2103.04647,stat.ME,False
2103.05123,cs.LG,True
2103.05123,eess.SP,False
2103.05174,cs.LG,True
2103.05174,cs.MA,False
2103.06498,cs.CV,True
2103.06498,cs.AI,False
2103.06939,cs.LG,True
2103.06939,stat.AP,False
2103.06939,stat.ME,False
2103.06939,stat.ML,False
2103.07272,stat.ME,True
2103.07272,stat.AP,False
2103.07779,cs.IR,True
2103.07779,cs.AI,False
2103.07779,cs.LG,False
2103.07883,cs.MM,True
2103.07883,cs.CV,False
2103.09627,cs.AI,True
2103.11353,physics.soc-ph,True
2103.11353,stat.AP,False
2103.12094,stat.ME,True
2103.12094,stat.AP,False
2103.12094,stat.CO,False
2103.12940,cs.RO,True
2103.12940,cs.HC,False
2103.13357,stat.ME,True
2103.13357,stat.AP,False
2103.13357,stat.CO,False
2103.13357,stat.ML,False
2103.13736,cs.LG,True
2103.14027,cs.CV,True
2103.14666,cs.RO,True
2103.14666,cs.AI,False
2103.15704,stat.AP,True
2103.15704,stat.ME,False
2103.15704,stat.OT,False
2104.00853,cs.SI,True
2104.00853,cs.AI,False
2104.00853,cs.LG,False
2104.09231,cs.HC,True
2104.09231,cs.LG,False
2104.02362,cs.HC,True
2104.02871,cs.LG,True
2104.02871,cs.RO,False
2104.03067,physics.soc-ph,True
2104.03067,stat.AP,False
2104.03252,cs.AI,True
2104.04118,cs.HC,True
2104.05816,math.OC,True
2104.05816,cs.AI,False
2104.05931,cs.AI,True
2104.06779,cs.CV,True
2105.00931,cs.CV,True
2105.00931,cs.AI,False
2105.00931,cs.LG,False
2105.00931,cs.MA,False
2104.10068,cs.CV,True
2105.04293,cs.HC,True
2105.04293,cs.AI,False
2105.04293,cs.IR,False
2104.08568,cs.CV,True
2104.09082,q-bio.QM,True
2104.09082,cs.LG,False
2104.09082,physics.bio-ph,False
2104.09333,cs.CV,True
2104.09402,cs.LG,True
2104.09402,cs.AI,False
2104.09907,cs.CV,True
2104.09907,cs.LG,False
2104.10116,cs.MM,True
2104.10116,cs.CV,False
2104.10116,cs.SD,False
2104.10116,eess.AS,False
2104.10125,stat.AP,True
2104.10125,stat.ME,False
2104.10125,stat.ML,False
2104.10125,stat.OT,False
2104.10916,cs.CV,True
2104.11452,cs.CV,True
2104.12574,cs.CV,True
2105.00839,cs.AI,True
2105.00839,cs.GT,False
2104.11980,cs.LG,True
2104.11980,cs.MA,False
2104.12056,eess.IV,True
2104.12056,cs.CV,False
2105.00852,cs.DC,True
2105.00852,cs.RO,False
2104.13559,cs.CL,True
2104.14012,stat.ML,True
2104.14012,cs.LG,False
2104.14012,math.ST,False
2105.00371,cs.LG,True
2105.00371,cs.GR,False
2105.00371,cs.RO,False
2105.00499,cs.RO,True
2105.00499,cs.AI,False
2105.00499,cs.LG,False
2105.00499,cs.MA,False
2105.01226,stat.AP,True
2105.01468,cs.LG,True
2105.01468,cs.CL,False
2105.02824,eess.SP,True
2105.02824,cs.LG,False
2105.02824,cs.MM,False
2105.02138,eess.SY,True
2105.02138,cs.LG,False
2105.02769,cs.CV,True
2105.02769,cs.LG,False
2105.03396,stat.ME,True
2105.03396,stat.ML,False
2105.04875,cs.CV,True
2105.05787,cs.CV,True
2105.05787,cs.GR,False
2105.06834,cs.LG,True
2105.06834,stat.ME,False
2105.07245,cs.CV,True
2105.07245,cs.AI,False
2105.07404,cs.CV,True
2105.08310,cs.MA,True
2105.08310,cs.CE,False
2105.08310,q-fin.CP,False
2105.08310,q-fin.TR,False
2105.08310,stat.ML,False
2105.09881,stat.AP,True
2105.10153,cs.HC,True
2105.10366,cs.HC,True
2105.10700,cs.CV,True
2105.11864,cs.AI,True
2105.12196,cs.AI,True
2105.12196,cs.MA,False
2105.12196,cs.NE,False
2105.12196,cs.RO,False
2105.12785,stat.AP,True
2105.13778,cs.LG,True
2105.13778,stat.AP,False
2106.00002,cs.LG,True
2106.00003,cs.LG,True
2106.00003,cs.DC,False
2105.14688,cs.IR,True
2106.00173,cs.LG,True
2106.00173,stat.ML,False
2106.00359,cs.LG,True
2106.00359,cs.CV,False
2106.00359,eess.IV,False
2106.01074,cs.CL,True
2106.01074,cs.AI,False
2106.01074,cs.DB,False
2106.01786,cs.AI,True
2106.01972,cs.CL,True
2106.02051,cs.LG,True
2106.02051,astro-ph.IM,False
2106.02051,stat.ML,False
2106.02112,cs.LG,True
2106.02195,cs.LG,True
2106.05799,cs.LG,True
2106.05799,stat.AP,False
2106.04219,cs.LG,True
2106.04219,cs.AI,False
2106.04219,cs.MA,False
2106.04408,cs.IR,True
2106.04958,cs.MA,True
2106.04958,cs.AI,False
2106.04958,cs.GT,False
2106.04958,cs.LG,False
2106.05174,stat.AP,True
2106.05236,cs.RO,True
2106.05359,math.OC,True
2106.05359,cs.LG,False
2106.06909,cs.SD,True
2106.06909,cs.CL,False
2106.06909,eess.AS,False
2106.12895,cs.LG,True
2106.12895,cs.AI,False
2106.12895,cs.RO,False
2106.08431,eess.IV,True
2106.09300,cs.CV,True
2106.10060,cs.CV,True
2106.10060,cs.AI,False
2106.10365,cs.LG,True
2106.10365,cs.AI,False
2106.10393,cs.CV,True
2106.11280,cs.CV,True
2106.12666,cs.CV,True
2106.12666,cs.AI,False
2106.14345,stat.AP,True
2106.14447,cs.CV,True
2106.14447,cs.AI,False
2106.14447,cs.LG,False
2106.14617,cs.RO,True
2106.14617,eess.SY,False
2106.15110,cs.CL,True
2106.15444,cs.AI,True
2106.15872,cs.CL,True
2107.01540,cs.CL,True
2107.01854,cs.LG,True
2107.01854,cs.AI,False
2107.01854,cs.CR,False
2107.01854,cs.GT,False
2107.02675,cs.RO,True
2107.02675,cs.CV,False
2107.03141,cs.CL,True
2108.05796,stat.AP,True
2108.05796,cs.LG,False
2107.06495,cs.HC,True
2107.07506,cs.LG,True
2107.07506,cs.NE,False
2107.07561,stat.ME,True
2107.07561,stat.AP,False
2107.07561,stat.CO,False
2107.08732,stat.AP,True
2107.09255,cs.CV,True
2107.13132,cs.LG,True
2107.13132,cs.AI,False
2108.03498,stat.AP,True
2108.03498,cs.LG,False
2108.03498,q-bio.QM,False
2108.03498,q-bio.TO,False
2108.03936,cs.RO,True
2108.03936,cs.CV,False
2108.04186,cs.CV,True
2108.05575,cs.CL,True
2108.05644,cs.CL,True
2108.06264,q-bio.NC,True
2108.06264,cs.LG,False
2108.06264,cs.MA,False
2108.06264,cs.RO,False
2108.06264,math.DS,False
2108.06432,cs.CV,True
2108.07329,cs.CV,True
2108.07848,cs.CV,True
2108.08083,cs.MM,True
2108.08362,cs.CV,True
2108.09215,cs.CV,True
2108.09478,cs.AI,True
2108.09478,cs.LG,False
2108.10125,cs.AI,True
2108.11149,cs.CV,True
2108.12630,cs.CV,True
2108.12809,cs.RO,True
2108.13577,cs.LG,True
2108.13577,physics.med-ph,False
2108.13577,q-bio.QM,False
2108.13577,q-bio.TO,False
2109.00378,stat.AP,True
2109.00378,stat.CO,False
2109.00378,stat.OT,False
2109.01305,cs.CV,True
2109.13334,cs.HC,True
2109.03100,cs.RO,True
2109.04720,cs.LG,True
2109.04720,cs.AI,False
2109.07581,physics.soc-ph,True
2109.07581,stat.AP,False
2109.05280,cs.LG,True
2109.05686,cs.CV,True
2109.07570,cs.LG,True
2109.07570,cs.AI,False
2109.06431,cs.LG,True
2109.06431,cs.AI,False
2109.06625,cs.LG,True
2109.07307,cs.RO,True
2109.07307,cs.HC,False
2109.08051,stat.ML,True
2109.08051,cs.LG,False
2109.09287,stat.AP,True
2109.09412,cs.CL,True
2109.12990,cs.GT,True
2109.12990,cs.LG,False
2110.00001,stat.AP,True
2109.13517,physics.soc-ph,True
2109.13517,stat.AP,False
2109.13743,math.ST,True
2109.13743,stat.ML,False
2109.13785,physics.soc-ph,True
2109.13785,stat.AP,False
2109.14306,cs.CV,True
2109.14306,cs.AI,False
2109.14306,cs.HC,False
2109.14306,cs.LG,False
2109.14306,cs.MM,False
2110.01395,cs.LG,True
2110.00115,stat.ME,True
2110.00115,cs.LG,False
2110.00115,math.ST,False
2110.00115,stat.AP,False
2110.00115,stat.ML,False
2110.01442,cs.LG,True
2110.01442,cs.AI,False
2110.01442,cs.CV,False
2110.00755,cs.CV,True
2110.00755,cs.AI,False
2110.00755,cs.LG,False
2110.01527,math.OC,True
2110.01527,stat.AP,False
2110.03873,cs.CL,True
2110.03873,cs.CY,False
2110.03873,cs.LG,False
2110.04321,cs.GT,True
2110.04321,cs.AI,False
2110.04321,cs.LG,False
2110.04321,cs.MA,False
2110.04507,cs.AI,True
2110.05092,cs.CV,True
2110.05362,cs.CL,True
2110.05362,cs.LG,False
2110.05750,cs.CL,True
2110.08257,cs.LG,True
2110.08257,cs.AI,False
2110.06805,cs.MM,True
2110.08094,cs.CL,True
2110.08169,cs.LG,True
2110.11107,cs.CV,True
2110.13505,cs.CL,True
2110.13641,physics.soc-ph,True
2110.13641,stat.AP,False
2110.14116,q-bio.QM,True
2110.14116,cs.LG,False
2110.14116,eess.SP,False
2110.14116,q-bio.TO,False
2110.14632,cs.HC,True
2110.14632,cs.IR,False
2110.14632,cs.SI,False
2111.01029,cs.CV,True
2111.02859,cs.AI,True
2111.02874,cs.AI,True
2111.02874,cs.LG,False
2111.04085,cs.CY,True
2111.04085,cs.AI,False
2111.04178,cs.GT,True
2111.04178,cs.LG,False
2111.04178,math.OC,False
2111.04525,cs.RO,True
2111.05333,cs.HC,True
2111.05333,cs.LG,False
2111.05333,eess.SP,False
2111.05310,stat.AP,True
2111.05631,stat.AP,True
2111.06449,cs.AI,True
2111.06449,cs.CV,False
2111.06633,stat.AP,True
2112.03005,cs.CL,True
2112.03005,cs.SI,False
2111.08140,stat.AP,True
2111.08140,cs.LG,False
2111.08565,cs.LG,True
2111.08565,cs.MA,False
2111.08565,math.OC,False
2111.09695,cs.LG,True
2111.11535,cs.CV,True
2111.12340,cs.AI,True
2111.12340,cs.MA,False
2111.12535,cs.CL,True
2111.12535,cs.AI,False
2111.13233,cs.CV,True
2111.13233,cs.AI,False
2111.13233,cs.LG,False
2112.00627,cs.CV,True
2112.01044,cs.LG,True
2112.01267,stat.AP,True
2112.02058,cs.LG,True
2112.02058,cs.NI,False
2112.02058,eess.SP,False
2112.02637,cs.NI,True
2112.02637,cs.AI,False
2112.02637,cs.LG,False
2112.03354,cs.HC,True
2112.03354,cs.GR,False
2112.04216,cs.LG,True
2112.04216,cs.RO,False
2112.05892,cs.CV,True
2112.06048,q-bio.NC,True
2112.06048,cs.LG,False
2112.06048,eess.IV,False
2201.05249,stat.AP,True
2201.05249,cs.SI,False
2112.08198,cs.CV,True
2112.08198,cs.AI,False
2112.08409,quant-ph,True
2112.08409,cs.LG,False
2112.11384,cs.CV,True
2112.11384,cs.AI,False
2112.11384,cs.LG,False
2112.11384,cs.MM,False
2112.12073,cs.CV,True
2112.12073,cs.LG,False
2112.12073,cs.MM,False
2112.12074,cs.CV,True
2112.12074,cs.AI,False
2112.12074,cs.LG,False
2112.12074,cs.MM,False
2112.09172,cs.CV,True
2112.09172,cs.LG,False
2112.09172,eess.IV,False
2112.09647,cs.CV,True
2112.10347,stat.AP,True
2201.00691,cs.IR,True
2201.00691,cs.LG,False
2201.00691,stat.AP,False
2112.10909,cs.CV,True
2112.11262,stat.AP,True
2112.12478,cs.LG,True
2112.12478,cs.NI,False
2112.13001,stat.AP,True
2201.01168,stat.AP,True
2201.00467,cs.CV,True
2201.00467,cs.LG,False
2201.02503,cs.CV,True
2201.04024,cs.CV,True
2201.04024,cs.MM,False
2201.04480,cs.LG,True
2201.04480,cs.MA,False
2201.07594,cs.CV,True
2201.08688,cs.HC,True
2201.08688,cs.CR,False
2201.08688,cs.LG,False
2201.09077,cs.CV,True
2201.09077,cs.AI,False
2201.11533,cs.LG,True
2201.11533,stat.AP,False
2201.11533,stat.ML,False
2201.12592,cs.CV,True
2202.00210,cs.RO,True
2202.00211,cs.LG,True
2202.00211,math.OC,False
2202.00211,stat.ML,False
2202.00583,stat.ME,True
2202.00583,stat.AP,False
2202.00804,cs.LG,True
2202.01031,cs.CV,True
2202.01031,cs.MM,False
2202.03726,cs.RO,True
2202.03726,cs.AI,False
2202.04072,cs.HC,True
2202.04072,cs.AI,False
2202.04072,cs.CV,False
2202.03807,cs.RO,True
2202.03807,cs.AI,False
2202.04013,cs.SI,True
2202.04013,stat.AP,False
2202.04101,cs.CV,True
2203.00001,cs.LG,True
2202.05382,eess.IV,True
2202.05382,cs.AI,False
2202.05382,cs.CV,False
2202.05403,cs.LG,True
2202.05403,cs.AI,False
2202.05728,cs.CV,True
2202.05728,cs.AI,False
2203.01374,cs.HC,True
2202.09102,cs.SD,True
2202.09102,cs.MM,False
2202.09102,eess.AS,False
2202.11204,quant-ph,True
2202.11204,cs.LG,False
2202.10287,cs.CL,True
2202.10881,cs.CV,True
2202.10881,cs.MM,False
2202.12259,cs.CV,True
2202.12259,cs.AI,False
2203.00734,cs.CV,True
2203.00734,cs.AI,False
2203.01111,cs.CL,True
2203.01111,cs.SI,False
2203.02281,cs.CV,True
2203.02281,eess.IV,False
2203.03532,stat.ME,True
2203.03532,math.ST,False
2203.03532,stat.ML,False
2203.03990,cs.CV,True
2203.07029,cs.LG,True
2203.07029,cs.AI,False
2203.05566,cs.SE,True
2203.05566,cs.LG,False
2203.05285,cs.LG,True
2203.05285,cs.AI,False
2203.05285,cs.MA,False
2203.07033,cs.LG,True
2203.07033,cs.AI,False
2203.07033,cs.CV,False
2203.07033,eess.IV,False
2203.06933,stat.AP,True
2203.06933,physics.pop-ph,False
2203.06933,physics.soc-ph,False
2203.07364,math.CO,True
2203.07364,cs.LG,False
2203.07364,stat.ML,False
2203.07531,stat.AP,True
2203.08489,stat.AP,True
2203.09128,cs.LG,True
2203.09128,cs.CL,False
2203.09128,econ.GN,False
2203.09193,cs.SI,True
2203.09193,cs.HC,False
2203.13263,cs.LG,True
2203.13263,cs.AI,False
2204.09660,cs.CL,True
2203.14782,cs.LG,True
2203.16442,physics.med-ph,True
2203.16442,cs.LG,False
2203.16442,eess.SP,False
2204.00003,cs.CV,True
2204.00003,eess.IV,False
2203.17048,physics.soc-ph,True
2203.17048,stat.AP,False
2204.00429,cs.CL,True
2204.00734,cs.CV,True
2204.00734,cs.LG,False
2204.00896,stat.AP,True
2204.00961,cs.LG,True
2204.00961,math.OC,False
2204.01899,cs.CV,True
2204.01899,cs.LG,False
2204.01899,cs.MM,False
2204.02402,cs.LG,True
2204.02139,cs.CV,True
2204.02148,cs.CV,True
2204.02313,stat.ML,True
2204.02313,cs.LG,False
2204.02573,cs.CV,True
2204.02573,cs.AI,False
2204.03646,cs.CV,True
2204.04049,cs.CV,True
2204.04143,cs.CV,True
2204.04143,cs.AI,False
2204.04687,cs.LG,True
2204.04687,cs.MA,False
2204.08460,cs.CV,True
2204.08460,cs.LG,False
2204.08460,eess.IV,False
2204.06859,cs.CV,True
2204.06918,cs.CV,True
2204.08573,cs.LG,True
2204.08573,cs.RO,False
2204.08805,cs.HC,True
2204.09232,cs.CV,True
2204.09271,cs.CV,True
2204.09793,stat.AP,True
2204.09996,cs.GR,True
2204.11142,cs.LG,True
2204.11142,cs.AI,False
2204.11777,stat.ME,True
2204.11777,stat.AP,False
2204.11777,stat.OT,False
2204.13809,cs.CV,True
2204.13809,eess.IV,False
2204.12093,cs.CL,True
2205.03238,eess.SP,True
2205.03238,cond-mat.mtrl-sci,False
2205.03238,cs.LG,False
2205.00254,cs.AI,True
2205.00254,cs.LG,False
2205.00694,cs.CV,True
2205.00694,cs.AI,False
2205.00694,cs.LG,False
2205.00694,cs.MM,False
2205.02437,cs.HC,True
2205.02437,cs.GR,False
2205.02561,cs.LG,True
2205.02731,cs.LG,True
2205.02731,stat.AP,False
2205.02977,cs.LG,True
2205.03114,cs.CL,True
2205.03114,cs.AI,False
2205.03555,cs.CV,True
2205.03555,cs.LG,False
2205.04172,cs.RO,True
2205.04172,cs.AI,False
2205.04173,stat.AP,True
2205.04173,math.PR,False
2205.04343,cs.SD,True
2205.04343,cs.LG,False
2205.04343,eess.AS,False
2205.05359,stat.ML,True
2205.05359,cs.AI,False
2205.05359,cs.LG,False
2205.06578,stat.AP,True
2205.07193,stat.AP,True
2205.07193,stat.ME,False
2205.09878,cs.CV,True
2205.09878,cs.LG,False
2205.09918,stat.ME,True
2205.09918,stat.AP,False
2205.10450,cs.CV,True
2205.10746,stat.ME,True
2205.10746,stat.AP,False
2205.10953,cs.AI,True
2205.10953,cs.LG,False
2205.10953,cs.RO,False
2205.13220,cs.HC,True
2205.13220,cs.CV,False
2205.13662,stat.ML,True
2205.13662,cs.LG,False
2205.13662,stat.ME,False
2205.14953,cs.MA,True
2205.14953,cs.LG,False
2206.01038,cs.CV,True
2206.01038,cs.AI,False
2206.01038,cs.MM,False
2206.02562,cs.HC,True
2206.01871,cs.AI,True
2206.01871,cs.LG,False
2206.01899,cs.AI,True
2206.01899,cs.LG,False
2206.01899,cs.MA,False
2206.01900,cs.AI,True
2206.01900,cs.LG,False
2206.01900,cs.MA,False
2206.01900,stat.ME,False
2206.01900,stat.ML,False
2206.02310,cs.RO,True
2206.02373,cs.CV,True
2206.03390,cs.CY,True
2206.03390,cs.AI,False
2206.03390,cs.CL,False
2206.03390,cs.LG,False
2206.03961,physics.soc-ph,True
2206.03961,stat.AP,False
2206.06490,cs.CV,True
2206.07212,cs.LG,True
2206.07505,cs.AI,True
2206.07930,stat.AP,True
2206.08632,cs.CV,True
2206.09083,stat.AP,True
2206.09258,cs.LG,True
2206.09258,cs.AI,False
2206.09613,cs.HC,True
2206.09654,cs.LG,True
2206.09654,cs.AI,False
2206.09654,stat.ML,False
2206.10720,cs.LG,True
2206.11258,cs.DB,True
2206.11258,cs.DL,False
2206.11258,cs.IR,False
2206.10926,stat.AP,True
2206.10926,stat.ML,False
2206.11335,cs.MM,True
2206.11578,stat.AP,True
2206.11578,stat.CO,False
2206.11578,stat.ME,False
2207.05691,cs.LG,True
2207.05691,cs.AI,False
2207.05691,cs.CL,False
2207.05691,cs.MM,False
2207.05691,eess.AS,False
2206.13246,cs.LG,True
2206.13246,cs.AI,False
2206.13246,cs.IR,False
2206.13222,cs.LG,True
2206.13222,cs.AI,False
2206.12716,stat.AP,True
2206.13114,cs.LG,True
2206.13580,stat.ML,True
2206.13580,cs.LG,False
2207.00585,cs.LG,True
2207.01455,math.ST,True
2207.01455,stat.ML,False
2207.01791,eess.IV,True
2207.01791,cs.CV,False
2207.02316,stat.AP,True
2207.03428,cs.LG,True
2207.03428,cs.AI,False
2207.03428,stat.ML,False
2207.04174,cs.CV,True
2207.04174,cs.AI,False
2207.05114,stat.AP,True
2207.05133,cs.CL,True
2207.05133,cs.AI,False
2207.05254,cs.CV,True
2207.11143,cs.MA,True
2207.11143,cs.AI,False
2207.11143,cs.LG,False
2207.10799,stat.AP,True
2207.05798,eess.IV,True
2207.05845,cs.CV,True
2207.06235,cs.CV,True
2207.06572,cs.RO,True
2207.07835,cs.RO,True
2207.08635,cs.CL,True
2207.08635,cs.AI,False
2207.09851,cs.RO,True
2207.09851,cs.CV,False
2207.10213,cs.CV,True
2207.11332,stat.AP,True
2207.11332,stat.ME,False
2207.11361,cs.LG,True
2207.11709,cs.CV,True
2207.11893,cs.CL,True
2207.12406,cs.CL,True
2207.12710,cs.LG,True
2207.12730,cs.CV,True
2207.12730,cs.LG,False
2207.13749,cs.HC,True
2207.13770,cs.HC,True
2207.13770,cs.LG,False
2207.14124,cs.LG,True
2207.14470,q-bio.NC,True
2207.14470,cs.LG,False
2208.00174,stat.ME,True
2208.00174,math.ST,False
2208.00174,stat.ML,False
2208.00671,cs.HC,True
2208.01100,cs.CV,True
2208.01100,cs.LG,False
2208.01100,cs.MM,False
2208.01160,cs.RO,True
2208.01160,cs.AI,False
2208.01160,eess.SY,False
2208.01876,cs.HC,True
2208.01876,cs.CV,False
2208.01876,cs.LG,False
2208.02509,cs.CV,True
2208.03492,stat.AP,True
2208.04897,cs.CV,True
2208.05641,cs.CV,True
2208.05662,cs.SI,True
2208.05662,cs.CL,False
2208.05662,cs.CY,False
2208.07929,cs.CV,True
2208.08190,cs.CV,True
2208.08190,cs.LG,False
2208.08190,eess.IV,False
2208.08598,stat.AP,True
2208.10660,cs.LG,True
2208.10660,cs.AI,False
2208.11191,cs.CV,True
2208.11230,stat.ME,True
2208.11230,stat.AP,False
2208.12646,cs.CV,True
2208.12646,cs.AI,False
2208.12646,cs.LG,False
2209.00451,cs.LG,True
2209.00202,cs.HC,True
2209.00838,cs.HC,True
2209.02623,stat.ME,True
2209.02623,stat.AP,False
2209.03434,cs.HC,True
2209.03434,cs.GR,False
2209.03882,cs.LG,True
2209.04284,cs.CV,True
2209.04796,cs.CV,True
2209.05649,cs.RO,True
2209.05742,cs.LG,True
2209.05742,cs.CR,False
2209.05742,cs.GT,False
2209.05742,stat.ML,False
2209.06346,cs.LG,True
2209.06999,cs.LG,True
2209.07528,cs.LG,True
2209.07795,cs.CV,True
2209.09154,physics.app-ph,True
2209.09154,cs.LG,False
2209.09491,cs.AI,True
2209.09861,cs.LG,True
2209.10055,cs.LG,True
2209.10055,cs.AI,False
2209.10055,cs.NE,False
2209.11252,cs.CL,True
2209.11908,cs.LG,True
2209.11908,cs.RO,False
2209.11949,cs.LG,True
2209.11949,cs.AI,False
2209.11949,cs.CL,False
2209.11949,cs.MM,False
2209.12248,cs.CV,True
2209.13154,cs.CV,True
2209.13254,cs.AI,True
2209.13254,cs.GR,False
2209.13846,cs.LG,True
2209.13899,cs.CV,True
2209.14272,cs.LG,True
2209.14272,cs.CL,False
2209.14272,cs.CV,False
2209.14272,cs.MM,False
2209.14272,cs.SD,False
2209.14272,eess.AS,False
2209.14924,cs.SE,True
2209.14924,cs.CL,False
2210.00507,cs.CV,True
2210.00507,cs.LG,False
2210.02383,stat.AP,True
2210.02517,cs.RO,True
2210.03662,cs.RO,True
2210.04325,cs.CL,True
2210.04325,cs.AI,False
2210.04325,cs.LG,False
2210.04365,cs.MA,True
2210.04365,cs.AI,False
2210.04365,cs.LG,False
2210.04435,cs.RO,True
2210.04435,cs.AI,False
2210.04435,eess.SY,False
2210.04514,cs.CV,True
2210.04514,cs.AI,False
2210.04514,cs.GR,False
2210.06048,cs.RO,True
2210.06048,cs.AR,False
2210.06048,eess.SY,False
2210.06327,cs.LG,True
2210.11238,physics.med-ph,True
2210.11238,cs.AI,False
2210.11238,eess.IV,False
2210.09295,eess.IV,True
2210.09295,cs.CV,False
2210.06724,stat.AP,True
2210.08289,econ.TH,True
2210.08289,cs.AI,False
2210.08737,cs.CV,True
2210.08737,cs.AI,False
2210.08737,cs.MM,False
2210.08793,cs.CV,True
2210.08793,cs.LG,False
2210.08793,cs.MA,False
2210.08872,cs.AI,True
2210.08872,cs.LG,False
2210.08872,cs.MA,False
2210.09389,cs.CL,True
2210.09389,cs.AI,False
2210.12262,cs.LG,True
2210.12519,stat.AP,True
2210.12607,cs.CL,True
2210.12607,cs.AI,False
2210.12607,cs.LG,False
2210.17060,cs.LG,True
2210.17368,cs.LG,True
2210.17368,cs.AI,False
2211.00374,cs.LG,True
2211.01201,cs.CV,True
2211.01201,cs.AI,False
2211.01201,cs.LG,False
2211.01201,q-bio.NC,False
2211.02104,stat.AP,True
2211.02125,cs.CV,True
2211.02772,cs.IR,True
2211.04459,stat.ME,True
2211.04459,stat.ML,False
2211.04534,cs.CV,True
2211.04534,cs.CL,False
2211.05531,cs.CV,True
2211.06663,cs.CV,True
2211.07173,cs.CV,True
2211.07832,cs.HC,True
2211.08081,cs.RO,True
2211.08081,cs.LG,False
2211.08081,eess.SY,False
2211.08081,math.OC,False
2211.08532,cs.RO,True
2211.08532,eess.SY,False
2211.08585,cs.RO,True
2211.09310,cs.CV,True
2211.09378,cs.RO,True
2211.09378,eess.SY,False
2211.09446,cs.CV,True
2211.16506,cs.CL,True
2211.16506,cs.SI,False
2211.12217,cs.LG,True
2211.12234,cs.LG,True
2211.12334,cs.CV,True
2211.12334,cs.AI,False
2211.12334,cs.MM,False
2211.13873,cs.CL,True
2211.14308,cs.CV,True
2211.15622,stat.ME,True
2211.15622,stat.AP,False
2211.15734,cs.LG,True
2211.16054,physics.soc-ph,True
2211.16054,stat.AP,False
2211.16068,cs.LG,True
2211.16068,cs.MA,False
2212.00021,cs.LG,True
2212.00389,cs.RO,True
2212.00389,cs.AI,False
2212.01686,eess.IV,True
2212.01686,cs.SD,False
2212.01686,eess.AS,False
2212.02978,cs.CV,True
2212.02978,q-bio.TO,False
2212.03041,cs.AI,True
2212.03041,cs.LG,False
2212.03041,cs.MA,False
2212.03384,cs.CV,True
2212.04820,cs.CV,True
2212.04665,cs.CV,True
2212.06146,cs.LG,True
2212.06146,cs.AI,False
2212.05223,cs.CV,True
2212.05223,cs.AI,False
2212.06301,cs.CV,True
2212.06504,stat.ME,True
2212.06504,stat.ML,False
2212.06804,cs.CV,True
2212.07397,cs.LG,True
2212.07397,cs.MA,False
2212.08116,stat.AP,True
2212.09832,cs.LG,True
2212.09832,eess.SP,False
2212.09832,q-bio.QM,False
2212.09832,q-bio.TO,False
2212.10904,stat.AP,True
2212.10935,cs.CL,True
2212.11041,stat.AP,True
2212.11071,cs.RO,True
2212.11071,eess.SY,False
2212.11402,cs.RO,True
2212.12015,cs.LG,True
2212.12015,cs.AI,False
2212.13660,cs.CV,True
2212.14403,cs.RO,True
2301.00436,cs.CV,True
2301.00436,cs.AI,False
2301.00436,cs.LG,False
2301.03462,cs.LG,True
2301.03462,cs.AI,False
2301.03462,eess.SP,False
2301.02443,stat.AP,True
2301.04001,stat.AP,True
2301.04001,cs.CE,False
2301.04288,cs.CV,True
2301.04619,cs.CV,True
2301.05417,eess.SP,True
2301.05417,stat.AP,False
2301.05543,cs.CL,True
2301.05543,cs.AI,False
2301.06057,cs.CL,True
2301.06057,cs.LG,False
2301.06103,cs.CV,True
2301.06103,cs.AI,False
2301.06648,cs.CV,True
2301.06648,cs.AI,False
2301.06866,cs.CV,True
2301.06876,cs.MM,True
2301.06876,cs.LG,False
2301.10164,eess.SP,True
2301.10164,cs.AI,False
2301.10164,cs.LG,False
2301.10164,cs.RO,False
2301.06993,cs.HC,True
2301.06993,cs.AI,False
2301.06993,cs.MM,False
2301.07583,cs.CV,True
2301.07583,cs.LG,False
2301.08190,cs.LG,True
2301.08190,cs.AI,False
2301.08190,cs.LO,False
2301.13052,cs.LG,True
2301.13052,stat.AP,False
2301.08347,cs.CL,True
2301.08347,cs.CY,False
2301.10052,cs.CV,True
2302.10760,cs.LG,True
2302.10760,cs.AI,False
2301.13576,cs.AI,True
2301.13576,cs.CV,False
2301.13576,cs.HC,False
2301.13576,cs.LG,False
2301.13576,cs.MM,False
2302.00123,cs.CV,True
2302.00123,cs.AI,False
2302.00911,stat.ML,True
2302.00911,cs.LG,False
2302.02752,cs.CV,True
2302.02752,cs.AI,False
2302.02752,cs.LG,False
2302.02752,cs.MM,False
2302.02755,cs.CV,True
2302.02755,cs.AI,False
2302.02755,cs.LG,False
2302.02755,cs.MM,False
2302.02956,cs.RO,True
2302.03302,cs.LG,True
2302.04024,cs.LG,True
2302.04024,eess.SP,False
2302.06108,cs.GR,True
2302.06205,cs.AI,True
2302.06205,cs.GT,False
2302.06205,cs.LG,False
2302.06205,cs.MA,False
2302.06569,cs.LG,True
2302.06569,cs.MA,False
2302.07515,cs.AI,True
2302.07515,cs.LG,False
2302.07515,cs.MA,False
2302.09276,cs.AI,True
2302.09276,cs.LG,False
2302.09657,cs.CV,True
2302.09657,cs.AI,False
2302.09657,cs.LG,False
2302.10817,cs.RO,True
2302.10817,cs.MA,False
2302.11172,cs.LG,True
2303.11944,q-bio.NC,True
2303.11944,cs.AI,False
2302.11880,cs.AI,True
2303.16759,cs.CL,True
2303.16759,cs.IR,False
2303.16759,cs.LG,False
2303.16759,cs.SI,False
2302.14058,cs.LG,True
2302.14058,cs.AI,False
2302.13386,stat.AP,True
2302.13386,cs.LG,False
2302.13471,cs.RO,True
2303.00528,cs.HC,True
2303.00528,cs.GR,False
2303.00952,cs.CV,True
2303.00952,cs.RO,False
2303.00952,eess.IV,False
2303.01318,stat.AP,True
2303.02234,cs.RO,True
2303.02234,cs.AI,False
2303.02234,cs.LG,False
2303.02234,cs.NE,False
2303.12149,cs.CV,True
2303.03476,cs.HC,True
2303.03476,cs.GR,False
2303.03879,cs.CV,True
2303.03879,cs.RO,False
2303.05774,cs.LG,True
2303.06021,cs.LG,True
2303.06439,cs.CV,True
2303.06439,cs.LG,False
2303.07274,cs.CV,True
2303.07274,cs.AI,False
2303.07274,cs.CL,False
2303.11174,cs.IR,True
2303.11174,cs.SI,False
2303.09097,cs.AI,True
2303.09097,cs.CV,False
2303.09097,cs.HC,False
2303.09274,physics.soc-ph,True
2303.09274,stat.AP,False
2303.09715,cs.LG,True
2303.09715,cs.AI,False
2303.11855,cs.CV,True
2303.12385,stat.AP,True
2303.12385,stat.ME,False
2303.12401,stat.AP,True
2303.12401,stat.ME,False
2303.13323,stat.ML,True
2303.13323,cs.LG,False
2303.13323,cs.MA,False
2303.13472,cs.CV,True
2303.13472,cs.AI,False
2303.13505,cs.CV,True
2303.13660,cs.AI,True
2303.13660,cs.MA,False
2303.15471,cs.LG,True
2303.15471,cs.AI,False
2303.14655,cs.CV,True
2303.14655,cs.CL,False
2303.14655,cs.LG,False
2303.15931,cs.RO,True
2303.16776,cs.LG,True
2303.16741,cs.LG,True
2303.16741,cs.SI,False
2303.16865,cs.RO,True
2303.17863,stat.AP,True
2303.17946,cs.SI,True
2303.17946,cs.AI,False
2303.17946,cs.CR,False
2303.17948,cs.CV,True
2304.01159,cs.RO,True
2304.01159,cs.AI,False
2304.01159,cs.LG,False
2304.01538,stat.AP,True
2304.01865,cs.CV,True
2304.01865,cs.AI,False
2304.02939,cs.CV,True
2304.03148,cs.HC,True
2304.06489,eess.SP,True
2304.06489,cs.AI,False
2304.06489,cs.LG,False
2304.11088,cs.CL,True
2304.11088,cs.AI,False
2304.11088,cs.LG,False
2304.11088,cs.SI,False
2304.03754,cs.CL,True
2304.03754,cs.CV,False
2304.03756,cs.RO,True
2304.04220,cs.CV,True
2304.04376,cs.CV,True
2304.04437,cs.CV,True
2304.04565,cs.CV,True
2304.04617,cs.CV,True
2304.04839,cs.LG,True
2304.04839,cs.CY,False
2304.05088,cs.CV,True
2304.05088,cs.HC,False
2304.05170,cs.CV,True
2304.05242,stat.AP,True
2304.09861,cs.HC,True
2304.09861,cs.CY,False
2304.08272,cs.CV,True
2304.14499,cs.CV,True
2304.14499,eess.IV,False
2304.08803,cs.CV,True
2304.09078,stat.AP,True
2304.09078,econ.EM,False
2304.13129,cs.IR,True
2304.13129,cs.HC,False
2304.13653,cs.RO,True
2304.13653,cs.AI,False
2304.13653,cs.LG,False
2305.06310,cs.CV,True
2305.00620,cs.CV,True
2305.01319,cs.SD,True
2305.01319,cs.CV,False
2305.01319,cs.MM,False
2305.01319,eess.AS,False
2306.01740,stat.AP,True
2306.01740,cs.CE,False
2306.01740,q-fin.GN,False
2306.01740,q-fin.ST,False
2305.03347,cs.CV,True
2305.03369,cs.LG,True
2305.03369,cs.AI,False
2305.03369,cs.CL,False
2305.03369,cs.MM,False
2305.03851,cs.CL,True
2305.04247,cs.CV,True
2305.04995,cs.GR,True
2305.05752,stat.AP,True
2305.07740,cs.RO,True
2305.07740,eess.SY,False
2305.08420,cs.CV,True
2305.08420,cs.AI,False
2305.08420,cs.RO,False
2305.08420,eess.IV,False
2306.01746,cs.AI,True
2305.09458,cs.LG,True
2305.09458,cs.MA,False
2305.09485,econ.GN,True
2305.09485,cs.LG,False
2305.10222,eess.SP,True
2305.10222,cs.HC,False
2305.10222,cs.LG,False
2305.10262,stat.AP,True
2305.11367,cs.CV,True
2305.11367,cs.HC,False
2305.11367,cs.LG,False
2305.11367,eess.SP,False
2305.12583,eess.SP,True
2305.12583,cs.CV,False
2305.12583,cs.HC,False
2305.12583,eess.IV,False
2305.13030,cs.AI,True
2305.13030,cs.LG,False
2305.13032,stat.AP,True
2305.13124,cs.LG,True
2305.13124,cs.HC,False
2305.14320,cs.HC,True
2305.14468,cs.CV,True
2305.14468,cs.CL,False
2305.14612,cs.CV,True
2305.14612,stat.AP,False
2305.15093,cs.CL,True
2305.15093,cs.AI,False
2305.15093,cs.LG,False
2305.15189,cs.RO,True
2305.15189,cs.LG,False
2305.15189,eess.SY,False
2305.16487,cs.CV,True
2305.16487,cs.AI,False
2305.17352,cs.AI,True
2305.17352,cs.LG,False
2305.17352,cs.MA,False
2305.19283,cs.AI,True
2305.19283,cs.RO,False
2305.17886,cs.AI,True
2305.17886,cs.LG,False
2305.18477,cs.LG,True
2305.18477,cs.AI,False
2306.05285,eess.SP,True
2306.05285,cs.LG,False
2306.02351,cs.CV,True
2306.02930,cs.CV,True
2306.04090,cs.AI,True
2306.04090,cs.MA,False
2306.07936,eess.AS,True
2306.07936,cs.CL,False
2306.07936,cs.SD,False
2306.04948,cs.LG,True
2306.04948,cs.AI,False
2306.05255,cs.LG,True
2306.05255,eess.SP,False
2306.05255,physics.bio-ph,False
2306.05255,q-bio.QM,False
2306.05255,stat.AP,False
2306.05501,cs.LG,True
2306.05526,cs.CV,True
2306.06147,cs.CL,True
2306.06147,cs.AI,False
2306.06803,cs.CV,True
2306.06803,cs.AI,False
2306.08206,cs.MA,True
2306.08206,cs.AI,False
2306.08388,cs.LG,True
2306.08388,cs.AI,False
2306.08651,cs.RO,True
2306.08651,cs.AI,False
2306.08952,cs.CL,True
2306.08952,cs.AI,False
2306.17172,cs.CV,True
2306.09983,cs.LG,True
2306.09983,cs.AI,False
2306.09983,cs.CR,False
2306.09983,stat.ML,False
2306.10208,cs.CV,True
2306.10293,cs.CV,True
2306.10293,cs.AI,False
2306.10715,cs.MA,True
2306.10715,cs.LG,False
2306.10756,cs.CV,True
2306.10756,cs.AI,False
2307.11755,physics.ed-ph,True
2307.11755,cs.CY,False
2307.11755,cs.HC,False
2306.11168,cs.LG,True
2306.11168,cs.AI,False
2306.11168,cs.MA,False
2306.12244,cs.CV,True
2306.13074,cs.CV,True
2306.13374,cs.HC,True
2306.13374,cs.IR,False
2306.13491,cs.HC,True
2306.13491,cs.GR,False
2306.14462,cs.IR,True
2306.14462,cs.LG,False
2306.14490,cs.CV,True
2306.14490,cs.AI,False
2306.14492,cs.CV,True
2307.00021,cs.CL,True
2306.15664,cs.AI,True
2306.15903,cs.AI,True
2306.17252,eess.AS,True
2306.17252,cs.SD,False
2306.17550,cs.LG,True
2306.17550,cs.AI,False
2307.01938,cs.CV,True
2307.02637,cs.AI,True
2307.02637,cs.MA,False
2307.02637,cs.RO,False
2307.02654,cs.RO,True
2307.03353,cs.CV,True
2307.03586,cs.HC,True
2307.03586,cs.LG,False
2307.03586,eess.SP,False
2307.13807,q-fin.PM,True
2307.13807,cs.LG,False
2307.05825,stat.ME,True
2307.05825,cs.LG,False
2307.05825,math.ST,False
2307.05825,stat.ML,False
2307.05988,cs.LG,True
2307.05988,cs.HC,False
2307.06050,cs.CL,True
2307.06754,stat.AP,True
2307.06754,stat.ME,False
2307.13700,cs.AI,True
2307.13700,cs.CY,False
2307.13700,cs.LG,False
2307.07768,cs.CV,True
2307.08712,cs.LG,True
2307.07943,physics.med-ph,True
2307.07943,eess.IV,False
2307.07943,physics.bio-ph,False
2307.07943,q-bio.TO,False
2307.08025,cs.CV,True
2307.08262,cs.AI,True
2307.10303,cs.CL,True
2307.10303,cs.LG,False
2307.10303,stat.ML,False
2307.10584,cs.CV,True
2307.11573,cs.RO,True
2308.02397,eess.SP,True
2308.02397,cs.LG,False
2307.16875,cs.RO,True
2307.16875,cs.AI,False
2307.12183,cs.CV,True
2307.12539,cs.HC,True
2307.12539,cs.GR,False
2307.13715,cs.LG,True
2307.13715,cs.AI,False
2307.14732,cs.LG,True
2307.14732,cs.GT,False
2307.14889,cs.CV,True
2307.14889,cs.AI,False
2307.16000,cs.CV,True
2307.16811,cs.CL,True
2307.16811,cs.CY,False
2308.00323,cs.CV,True
2308.00538,cs.CV,True
2308.00538,cs.AI,False
2308.00538,cs.GR,False
2308.00538,eess.IV,False
2308.01028,cs.LG,True
2308.01028,cs.DC,False
2311.11467,cs.CV,True
2311.11467,cs.AI,False
2308.01492,cs.HC,True
2308.01523,stat.AP,True
2308.02414,stat.AP,True
2308.02414,stat.ML,False
2308.04872,cs.CV,True
2311.11471,cs.CV,True
2311.11471,cs.AI,False
2308.06851,cs.LG,True
2308.06851,cs.AI,False
2308.07775,cs.RO,True
2308.07775,cs.AI,False
2308.07775,cs.LG,False
2308.07775,eess.SY,False
2308.08610,cs.CL,True
2308.08610,cs.AI,False
2309.12333,cs.CY,True
2309.12333,cs.LG,False
2308.09909,cs.LG,True
2308.09909,cs.AI,False
2308.09909,cs.MA,False
2308.10623,cs.CV,True
2308.10623,cs.LG,False
2308.11142,cs.LG,True
2308.11244,cs.CV,True
2308.11272,cs.LG,True
2308.12199,cs.CV,True
2308.12600,cs.CV,True
2308.12645,cs.CV,True
2308.13872,cs.CV,True
2308.14404,cs.HC,True
2308.14562,cs.RO,True
2308.14562,eess.SY,False
2308.15559,cs.LG,True
2308.15559,stat.ML,False
2308.16154,cs.CV,True
2308.16651,cs.CV,True
2308.16876,cs.CV,True
2309.00756,stat.AP,True
2309.00756,math.OC,False
2309.01010,cs.CV,True
2309.01010,cs.AI,False
2309.01526,cs.LG,True
2309.07141,eess.SP,True
2309.07141,cs.AI,False
2309.07141,cs.LG,False
2309.03229,cs.AI,True
2309.03229,cs.LG,False
2309.03315,cs.RO,True
2309.03315,cs.LG,False
2309.03395,cs.RO,True
2309.03640,cs.CV,True
2309.03640,eess.IV,False
2309.03808,stat.ML,True
2309.03808,cs.LG,False
2309.03808,math.OC,False
2309.04375,cs.RO,True
2401.01003,cs.CV,True
2401.01003,eess.IV,False
2309.05682,cs.LG,True
2309.05682,cs.AI,False
2309.05682,cs.DB,False
2309.05682,q-bio.QM,False
2309.05682,q-fin.CP,False
2309.05783,q-fin.GN,True
2309.05783,stat.AP,False
2309.05936,cs.CL,True
2309.06006,cs.CV,True
2309.06006,cs.AI,False
2309.06248,cs.LG,True
2309.06285,cs.CV,True
2309.06285,cs.AI,False
2309.06541,cs.CL,True
2309.06802,cs.CV,True
2309.07361,cs.CV,True
2309.08904,cs.RO,True
2309.08947,cs.CV,True
2309.13080,cs.CL,True
2309.13080,cs.LG,False
2309.12067,cs.CV,True
2309.12067,cs.AI,False
2309.12067,cs.LG,False
2310.14891,cs.HC,True
2310.14891,cs.AI,False
2310.14891,cs.SD,False
2310.14891,eess.AS,False
2309.13742,cs.GR,True
2309.13742,cs.CV,False
2309.14390,cs.LG,True
2309.14390,cs.AI,False
2309.14455,eess.SP,True
2309.14455,cs.HC,False
2309.14455,cs.LG,False
2309.14455,physics.med-ph,False
2309.14490,cs.HC,True
2309.14753,cs.CV,True
2310.13698,cs.HC,True
2310.13698,cs.AI,False
2310.13698,eess.IV,False
2309.14807,cs.LG,True
2309.14807,cs.AI,False
2309.15253,cs.LG,True
2309.17338,cs.RO,True
2309.17338,cs.AI,False
2309.17338,cs.CV,False
2309.17338,cs.LG,False
2311.12829,cs.CV,True
2311.12829,cs.AI,False
2310.01184,stat.AP,True
2310.01795,cs.RO,True
2310.01795,cs.HC,False
2310.03256,cs.NI,True
2310.03256,cs.MM,False
2310.03354,cs.AI,True
2310.03354,cs.LG,False
2310.03354,cs.MA,False
2310.03417,stat.AP,True
2310.03930,cs.GR,True
2310.04360,cs.CV,True
2310.04360,cs.GR,False
2310.04796,cs.LG,True
2310.04797,stat.AP,True
2310.11459,stat.AP,True
2310.04912,cs.CV,True
2310.05208,cs.AI,True
2310.05208,cs.HC,False
2310.05208,cs.LG,False
2310.05208,cs.MA,False
2310.05651,cs.LG,True
2310.05651,cs.AI,False
2310.06245,cs.AI,True
2310.06245,cs.CL,False
2310.07826,cs.CL,True
2310.08719,stat.AP,True
2310.09626,cs.RO,True
2310.10262,cs.CL,True
2310.10300,cs.SD,True
2310.10300,cs.IR,False
2310.10300,eess.AS,False
2310.10553,cs.LG,True
2310.10553,cs.MA,False
2310.10553,stat.ML,False
2310.10863,cs.RO,True
2310.10863,cs.AI,False
2310.13719,cs.HC,True
2310.13719,cs.GT,False
2310.11700,cs.CV,True
2310.11700,cs.AI,False
2310.11700,cs.LG,False
2310.12328,cs.MM,True
2310.12328,cs.SI,False
2310.13039,cs.CV,True
2310.13097,cs.LG,True
2310.13396,cs.RO,True
2310.13396,cs.LG,False
2310.13980,stat.AP,True
2310.14469,cs.CV,True
2310.14553,cs.RO,True
2310.14553,cs.AI,False
2310.14553,cs.MA,False
2310.14729,cs.CV,True
2310.14729,cs.GR,False
2310.14909,cs.CL,True
2310.14909,cs.AI,False
2310.14909,cs.LG,False
2310.16368,cs.CL,True
2310.16813,stat.AP,True
2310.16813,stat.ME,False
2310.16813,stat.OT,False
2310.17058,cs.RO,True
2310.17193,cs.MM,True
2310.17493,cs.CV,True
2310.17949,cs.CV,True
2310.18247,cs.LG,True
2310.18247,cs.RO,False
2310.18572,stat.AP,True
2310.19062,cs.RO,True
2310.19062,cs.AI,False
2310.20355,cs.CV,True
2310.20355,cs.AI,False
2310.20355,cs.LG,False
2310.20602,cs.RO,True
2310.20602,eess.SY,False
2311.00401,cs.CV,True
2311.00401,cs.AI,False
2311.00514,cs.HC,True
2311.00514,cs.IT,False
2311.00980,cs.CV,True
2311.02287,cs.LG,True
2311.02287,cs.AI,False
2311.06295,physics.chem-ph,True
2311.06295,cs.LG,False
2311.03490,stat.AP,True
2311.03745,cs.CV,True
2311.03745,cs.LG,False
2311.03793,cs.HC,True
2311.04599,cs.LG,True
2311.04599,cs.CY,False
2311.04599,q-fin.CP,False
2311.04726,cs.CV,True
2311.05025,stat.CO,True
2311.05025,math.NA,False
2311.05025,stat.ME,False
2311.05025,stat.ML,False
2311.05237,cs.CV,True
2311.05424,cs.HC,True
2311.06311,cs.GT,True
2311.06311,cs.AI,False
2311.06311,cs.LG,False
2311.05956,cs.IR,True
2311.05956,cs.LG,False
2311.06892,cs.CV,True
2311.08007,cs.CV,True
2311.08488,cs.CV,True
2311.10361,cs.CV,True
2311.12300,cs.CV,True
2311.12419,cs.LG,True
2311.12419,cs.CV,False
2311.14642,cs.CV,True
2311.14642,cs.MA,False
2312.00805,cs.CL,True
2312.00805,cs.AI,False
2312.09466,cs.RO,True
2312.09466,cs.AI,False
2312.09466,cs.LG,False
2311.15425,cs.CL,True
2311.15581,cs.CV,True
2311.15581,cs.GR,False
2311.15581,cs.HC,False
2311.15581,cs.MM,False
2311.16496,cs.LG,True
2311.15648,cs.CV,True
2311.15648,cs.AI,False
2311.15648,cs.CL,False
2311.15648,cs.LG,False
2311.15648,cs.RO,False
2311.16083,cs.CL,True
2312.00188,cs.CV,True
2311.17351,cs.AI,True
2311.17351,cs.CL,False
2312.01938,cs.CV,True
2311.18259,cs.CV,True
2311.18259,cs.AI,False
2312.01487,cs.HC,True
2312.01687,cs.LG,True
2312.01697,cs.CV,True
2312.01697,cs.AI,False
2312.02576,cs.CV,True
2312.03785,cs.IR,True
2312.03785,cs.AI,False
2312.03493,cs.RO,True
2312.04338,stat.AP,True
2312.04393,cs.CV,True
2312.04393,cs.GR,False
2312.04393,cs.RO,False
2312.04711,physics.soc-ph,True
2312.04711,cs.SI,False
2312.04711,stat.ML,False
2312.05178,cs.HC,True
2312.05783,cs.LG,True
2312.06184,cs.CV,True
2312.06409,cs.CV,True
2312.06736,cs.CV,True
2312.06575,cs.CV,True
2312.06965,cs.HC,True
2312.09723,cs.CV,True
2312.09723,cs.AI,False
2312.16179,physics.soc-ph,True
2312.16179,q-fin.CP,False
2312.16179,q-fin.PR,False
2312.16179,stat.AP,False
2312.10942,cs.AI,True
2312.10942,cs.LG,False
2312.11067,stat.AP,True
2312.11340,cs.CV,True
2312.11753,cs.AI,True
2312.11866,cs.RO,True
2312.11929,cs.CV,True
2312.11929,cs.AI,False
2312.11929,cs.LG,False
2401.04112,cs.HC,True
2312.12921,cs.HC,True
2312.14360,cs.RO,True
2312.14586,eess.AS,True
2312.14586,cs.SD,False
2312.15236,cs.CV,True
2312.16023,cs.CL,True
2312.16023,cs.MM,False
2312.16273,cs.RO,True
2401.00080,cs.CV,True
2401.01505,cs.CV,True
2401.02630,cs.LG,True
2401.02630,stat.AP,False
2401.03134,cs.LG,True
2401.03134,cs.AI,False
2401.03406,cs.RO,True
2401.03406,cs.AI,False
2401.03406,cs.LG,False
2401.03410,cs.AI,True
2401.03410,cs.LG,False
2401.03410,cs.RO,False
2402.18576,cs.NE,True
2402.18576,cs.AI,False
2402.18576,cs.LG,False
2401.06174,eess.IV,True
2401.06174,cs.LG,False
2401.05469,eess.SP,True
2401.05469,cs.LG,False
2401.05909,cs.RO,True
2401.06086,cs.LG,True
2401.06086,cs.AI,False
2401.06086,cs.CE,False
2401.06086,cs.MA,False
2401.06336,cs.IR,True
2401.06336,cs.DB,False
2401.06412,cs.HC,True
2401.07942,cs.CV,True
2401.07942,cs.MM,False
2401.08022,cs.RO,True
2401.08718,cs.LG,True
2401.08463,math.ST,True
2401.08463,stat.ML,False
2401.09940,cs.LG,True
2401.09940,stat.AP,False
2401.09942,cs.CV,True
2401.09942,cs.AI,False
2401.10124,stat.ME,True
2401.10124,cs.SI,False
2401.10124,physics.soc-ph,False
2401.10124,stat.AP,False
2401.12419,cs.CV,True
2401.13045,stat.ML,True
2401.13045,cs.LG,False
2401.13045,stat.AP,False
2401.13045,stat.ME,False
2401.13460,cs.LG,True
2401.13460,cs.AI,False
2401.13460,cs.MA,False
2401.13888,cs.CV,True
2401.14973,stat.ML,True
2401.14973,cs.LG,False
2401.15026,cs.RO,True
2401.15026,cs.MA,False
2401.17320,q-bio.NC,True
2401.17320,cs.CV,False
2401.17320,cs.SD,False
2401.17320,eess.AS,False
2401.15783,cs.RO,True
2401.15856,cs.LG,True
2401.15856,cs.AI,False
2401.16235,cs.LG,True
2401.16235,stat.AP,False
2401.16392,stat.AP,True
2401.16754,cs.LG,True
2401.16754,cs.CY,False
2401.16754,econ.GN,False
2401.16795,cs.LG,True
2401.16795,cs.AI,False
2401.17185,cs.RO,True
2401.17185,cs.CV,False
2401.17741,cs.RO,True
2401.17741,cs.AI,False
2402.00631,cs.CV,True
2402.09444,eess.SP,True
2402.09444,cs.AI,False
2402.09444,cs.CV,False
2402.00163,cs.CV,True
2402.00163,cs.AI,False
2402.15514,cs.CL,True
2402.15514,cs.AI,False
2402.00612,cs.RO,True
2402.01083,stat.AP,True
2402.07922,cs.HC,True
2402.07922,cs.AI,False
2402.07922,cs.DB,False
2402.02545,cs.CV,True
2402.02545,cs.LG,False
2402.07937,cs.HC,True
2402.07937,cs.LG,False
2402.07937,eess.SP,False
2402.09459,eess.SP,True
2402.09459,cs.CV,False
2402.09459,cs.LG,False
2402.09459,cs.NI,False
2402.03282,cs.LG,True
2402.03282,cs.AI,False
2402.03282,stat.ML,False
2402.04898,cs.AI,True
2402.04898,cs.LG,False
2402.05502,cs.RO,True
2402.06815,cs.LG,True
2402.06820,cs.LG,True
2402.06820,cs.CL,False
2403.12977,cs.CV,True
2403.12977,cs.LG,False
2403.12977,eess.IV,False
2403.12977,stat.AP,False
2402.07004,stat.AP,True
2402.08742,cs.CY,True
2402.08742,cs.LG,False
2402.09650,cs.CV,True
2402.09650,cs.LG,False
2402.10979,cs.CL,True
2402.10979,cs.AI,False
2402.11191,cs.CL,True
2402.12400,stat.AP,True
2402.12400,cs.LG,False
2402.12149,cs.LG,True
2402.12790,cs.LG,True
2402.14867,cs.CL,True
2402.14867,cs.AI,False
2402.14867,cs.LG,False
2402.13800,cs.CL,True
2402.13800,cs.SI,False
2402.14194,cs.LG,True
2402.14194,cs.RO,False
2402.15862,cs.CL,True
2402.15923,cs.LG,True
2402.15923,cs.AI,False
2402.15923,cs.MM,False
2402.15952,cs.CV,True
2402.17730,cs.LG,True
2403.01112,cs.LG,True
2403.01112,cs.MA,False
2403.13821,cs.LG,True
2403.13821,stat.AP,False
2403.07932,cs.GT,True
2403.07932,cs.AI,False
2403.02741,cs.GT,True
2403.02741,cs.LG,False
2403.03172,cs.AI,True
2403.03172,cs.LG,False
2403.04031,cs.CL,True
2403.04031,cs.AI,False
2403.09701,cs.LG,True
2403.09701,stat.ML,False
2403.04873,stat.AP,True
2403.06810,cs.CV,True
2403.07669,cs.LG,True
2403.08835,cs.LG,True
2403.08835,cs.AI,False
2403.08580,cs.CV,True
2403.08580,cs.MM,False
2403.08580,eess.IV,False
2403.08956,cs.HC,True
2403.08956,cs.AI,False
2403.10677,cs.RO,True
2403.10677,cs.CV,False
2403.10826,cs.CV,True
2403.11328,cs.CV,True
2403.11328,cs.AI,False
2403.15445,cs.CL,True
2403.15445,cs.AI,False
2403.15445,cs.LG,False
2403.15445,cs.SI,False
2403.11572,cs.CV,True
2403.11572,cs.MM,False
2403.11576,cs.CV,True
2403.11576,cs.MM,False
2403.11959,cs.CV,True
2403.11959,cs.AI,False
2403.11959,cs.MM,False
2403.12385,cs.CV,True
2403.12406,cs.AI,True
2403.12406,cs.LG,False
2403.13362,cs.SI,True
2403.13362,cs.AI,False
2403.13362,cs.CL,False
2403.14300,cs.RO,True
2403.14300,cs.AI,False
2403.14769,stat.AP,True
2404.00030,cs.HC,True
2404.00030,cs.LG,False
2403.16282,cs.LG,True
2403.17089,cs.HC,True
2403.17089,cs.AI,False
2403.17089,cs.IR,False
2403.17221,stat.AP,True
2403.17221,stat.ME,False
2403.19501,cs.CV,True
2403.20214,stat.ME,True
2403.20214,stat.AP,False
2404.00178,math.OC,True
2404.00178,cs.AI,False
2404.00178,cs.LG,False
2404.00213,cs.CL,True
2404.00245,cs.IR,True
2404.00712,cs.LG,True
2404.00712,cs.AI,False
2404.00712,cs.CY,False
2404.00712,cs.IR,False
2404.01768,cs.CL,True
2404.01768,cs.AI,False
2404.01891,cs.CV,True
2404.03097,cs.CV,True
2404.03101,cs.MA,True
2404.03101,cs.LG,False
2404.03869,cs.LG,True
2404.03869,cs.AI,False
2404.03869,cs.MA,False
2404.03869,cs.RO,False
2404.03869,eess.SY,False
2404.04100,cs.HC,True
2404.04213,stat.ME,True
2404.04213,stat.AP,False
2404.04565,cs.CV,True
2404.06332,cs.CV,True
2404.05029,cs.CV,True
2404.05392,cs.CV,True
2404.05582,cs.RO,True
2404.06243,cs.CV,True
2404.06243,cs.AI,False
2404.06243,cs.HC,False
2404.06243,cs.LG,False
2404.06243,cs.MM,False
2404.06587,stat.AP,True
2404.06626,stat.AP,True
2404.06827,cs.PF,True
2404.06827,cs.HC,False
2404.06827,cs.SE,False
2404.06977,cs.CV,True
2404.08227,cs.RO,True
2404.08246,cs.RO,True
2404.08246,cs.LG,False
2404.08401,cs.CV,True
2404.08401,cs.AI,False
2404.08504,cs.CV,True
2404.09807,cs.CV,True
2404.09870,cs.CV,True
2404.09951,cs.CV,True
2404.10212,cs.CV,True
2404.10383,cs.CV,True
2404.11335,cs.CV,True
2404.11335,cs.AI,False
2404.11335,cs.LG,False
2404.12499,stat.ME,True
2404.12499,stat.AP,False
2404.12694,cs.CV,True
2404.12694,cs.NE,False
2404.13300,cs.LG,True
2404.13868,cs.CV,True
2404.13999,cs.CV,True
2404.15961,eess.SP,True
2404.15961,cs.AI,False
2404.16205,cs.CV,True
2404.16205,cs.MM,False
2404.16262,cs.CL,True
2404.19383,cs.CV,True
2405.00574,cs.CV,True
2405.00574,cs.MM,False
2405.01112,cs.CV,True
2405.02412,cs.LG,True
2405.02425,cs.RO,True
2405.02425,cs.AI,False
2405.03538,stat.AP,True
2407.11972,cs.HC,True
2407.11972,cs.AI,False
2407.11972,cs.CY,False
2405.07030,cs.LG,True
2405.07354,cs.SD,True
2405.07354,cs.IR,False
2405.07354,cs.LG,False
2405.07354,cs.MM,False
2405.07354,eess.AS,False
2405.07407,cs.CV,True
2405.07407,cs.AI,False
2406.05135,cs.RO,True
2406.05135,math.OC,False
2405.09865,stat.AP,True
2405.10247,stat.AP,True
2405.11746,cs.AI,True
2405.11746,cs.GT,False
2405.11746,cs.LG,False
2405.11746,cs.MA,False
2405.11802,cs.HC,True
2405.11802,cs.AI,False
2405.11802,cs.LG,False
2405.12070,cs.CV,True
2405.12070,cs.AI,False
2405.12172,eess.IV,True
2405.12588,stat.AP,True
2405.12628,cs.RO,True
2405.12628,cs.AI,False
2405.19349,eess.SP,True
2405.19349,cs.CV,False
2405.19349,cs.HC,False
2405.19349,cs.LG,False
2405.13896,cs.CV,True
2405.13995,cs.LG,True
2405.13999,cs.CV,True
2405.14146,cs.CV,True
2405.17467,cs.LG,True
2405.17467,cs.NE,False
2405.16296,cs.CV,True
2405.16296,cs.GR,False
2405.16296,cs.MM,False
2405.17214,stat.AP,True
2405.17680,cs.CV,True
2405.18110,cs.LG,True
2405.18110,cs.AI,False
2405.18110,cs.MA,False
2405.18565,cs.HC,True
2405.19958,cs.CL,True
2405.19958,cs.AI,False
2405.20029,cs.LG,True
2405.20743,cs.CV,True
2405.20743,cs.AI,False
2405.20743,cs.LG,False
2405.20743,cs.RO,False
2407.13109,cs.CY,True
2407.13109,cs.LG,False
2406.00154,cs.AI,True
2406.00154,cs.NE,False
2406.00727,cs.RO,True
2406.00814,cs.LG,True
2406.00814,cs.AI,False
2406.01033,cs.CV,True
2406.01033,cs.LG,False
2406.01033,cs.MM,False
2406.01056,cs.CV,True
2406.01056,cs.AI,False
2406.01056,cs.HC,False
2406.01056,cs.LG,False
2406.01056,cs.RO,False
2406.01273,cs.IR,True
2406.01273,cs.MM,False
2406.01280,cs.IR,True
2406.01280,cs.MM,False
2406.03857,cs.LG,True
2406.03857,cs.CL,False
2406.03857,cs.CV,False
2407.11990,cs.HC,True
2407.11990,cs.AI,False
2406.05128,eess.AS,True
2406.05128,cs.SD,False
2406.05246,cs.HC,True
2406.05246,cs.SI,False
2406.05621,cs.RO,True
2406.05621,cs.AI,False
2406.05623,cs.RO,True
2406.05623,cs.AI,False
2406.07753,cs.AI,True
2406.07753,cs.CL,False
2406.08035,cs.CV,True
2406.08035,cs.AI,False
2406.08749,cs.LG,True
2406.08858,cs.RO,True
2406.08858,cs.CV,False
2406.08858,cs.LG,False
2406.08858,eess.SY,False
2406.09418,cs.CV,True
2406.09597,stat.ME,True
2406.09597,stat.AP,False
2406.09895,stat.AP,True
2406.09948,cs.CL,True
2406.10411,cs.MA,True
2406.10411,cs.AI,False
2406.16934,eess.SP,True
2406.16934,cs.LG,False
2406.11652,stat.AP,True
2406.11678,cs.IR,True
2406.11678,cs.CL,False
2406.12081,cs.CV,True
2406.12084,cs.CL,True
2406.12084,cs.AI,False
2406.12252,cs.CL,True
2406.12762,cs.LG,True
2406.12762,cs.AI,False
2406.12762,cs.HC,False
2406.13987,cs.CV,True
2406.13987,cs.LG,False
2406.14877,cs.CL,True
2406.15649,cs.CV,True
2406.15659,cs.LG,True
2406.15659,cs.MA,False
2406.16171,stat.ME,True
2406.16171,stat.AP,False
2406.16987,eess.SP,True
2406.16987,cs.LG,False
2406.16507,stat.ME,True
2406.16507,stat.ML,False
2406.16773,stat.AP,True
2406.17220,stat.AP,True
2406.17443,cs.CV,True
2406.17947,cs.CL,True
2406.18617,physics.soc-ph,True
2406.18617,cond-mat.stat-mech,False
2406.18617,stat.AP,False
2406.18116,cs.CL,True
2406.18116,cs.AI,False
2406.18116,cs.HC,False
2406.18285,cs.RO,True
2406.18530,cs.CV,True
2406.19222,econ.GN,True
2406.19222,physics.soc-ph,False
2406.19222,stat.AP,False
2406.19563,stat.ME,True
2406.19563,stat.AP,False
2406.19655,cs.CV,True
2406.19852,cs.CV,True
2406.19852,cs.MA,False
2407.00187,cs.RO,True
2407.00187,cs.CV,False
2407.00187,cs.GR,False
2407.07116,stat.AP,True
2407.00898,cs.RO,True
2407.01265,cs.CV,True
2407.01361,cs.RO,True
2407.01797,stat.AP,True
2407.01916,cs.AI,True
2407.02370,cs.CV,True
2407.03041,cs.RO,True
2407.03041,cs.CV,False
2407.14516,cs.RO,True
2407.14516,cs.LG,False
2407.03486,cs.CV,True
2407.03817,cs.CV,True
2407.07120,stat.AP,True
2407.05458,cs.AI,True
2407.06866,cs.CL,True
2407.06866,cs.AI,False
2407.08200,cs.CV,True
2407.08395,cs.CV,True
2407.08508,stat.AP,True
2407.09288,cs.CV,True
2407.12483,cs.CV,True
2407.12771,cs.SI,True
2407.12771,cs.CL,False
2407.12771,cs.CY,False
2407.14558,cs.LG,True
2407.14120,cs.AI,True
2407.14180,cs.CL,True
2407.14180,eess.AS,False
2407.14612,cs.RO,True
2407.14811,cs.CV,True
2407.14811,cs.AI,False
2407.15373,cs.HC,True
2407.15689,eess.IV,True
2407.15689,cs.CV,False
2407.15779,cs.HC,True
2407.15987,stat.AP,True
2407.15987,cs.AI,False
2407.16076,cs.CV,True
2407.16076,cs.MM,False
2407.16210,cs.GR,True
2407.16210,cs.AI,False
2407.16210,cs.LG,False
2407.16680,cs.RO,True
2407.16680,cs.LG,False
2407.16837,cs.CV,True
2407.16837,cs.AI,False
2407.16837,cs.CL,False
2407.17832,stat.AP,True
2407.19321,stat.AP,True
2407.19497,cs.CV,True
2408.00332,cs.CV,True
2408.00332,cs.RO,False
2408.00672,cs.CV,True
2408.01056,cs.RO,True
2408.01544,cs.LG,True
2408.01544,stat.AP,False
2408.01603,cs.LG,True
2408.01655,cs.RO,True
2408.01655,cs.AI,False
2408.10231,cs.RO,True
2408.02146,cs.CV,True
2408.02146,cs.CY,False
2408.02250,cs.FL,True
2408.02250,cs.CV,False
2408.02520,cs.CL,True
2408.11836,cs.CV,True
2408.03906,cs.RO,True
2408.04013,cs.MM,True
2408.04013,cs.HC,False
2408.05123,cs.HC,True
2408.05192,cs.CL,True
2408.05622,cs.CY,True
2408.05622,stat.AP,False
2408.05960,cs.AI,True
2408.15270,cs.CV,True
2408.15270,cs.GR,False
2408.15270,cs.LG,False
2408.15270,cs.RO,False
2408.08331,stat.AP,True
2408.09178,cs.CV,True
2408.09527,cs.AI,True
2408.09934,cs.RO,True
2408.10867,stat.AP,True
2408.10191,cs.SE,True
2408.10191,cs.HC,False
2408.10878,cs.AI,True
2408.10878,cs.LG,False
2408.10878,cs.MA,False
2408.14305,cs.HC,True
2408.15406,cs.SI,True
2408.15406,cs.AI,False
2408.15406,cs.CL,False
2408.16638,cs.CV,True
2408.16638,cs.LG,False
2409.00286,cs.CL,True
2409.00286,cs.AI,False
2409.00629,cs.LG,True
2409.00629,stat.AP,False
2409.01448,cs.CV,True
2409.01448,cs.LG,False
2409.12970,cs.HC,True
2409.14588,cs.CV,True
2409.01874,stat.ME,True
2409.01874,stat.AP,False
2409.01947,cs.RO,True
2409.01947,cs.HC,False
2409.02872,econ.EM,True
2409.02872,stat.AP,False
2409.03940,stat.AP,True
2409.04035,cs.CV,True
2409.04196,cs.CV,True
2409.04196,cs.AI,False
2409.07488,eess.SP,True
2409.07488,cs.LG,False
2409.04398,cs.CV,True
2409.04398,cs.AI,False
2409.04398,cs.GR,False
2409.04398,cs.MM,False
2409.04414,cs.HC,True
2409.04889,stat.AP,True
2409.05052,stat.AP,True
2409.05714,stat.AP,True
2409.06739,stat.AP,True
2409.06401,cs.HC,True
2409.06426,cs.HC,True
2409.07005,cs.HC,True
2409.07569,cs.LG,True
2409.07569,cs.AI,False
2409.07695,cs.HC,True
2409.08172,stat.AP,True
2409.08177,eess.SP,True
2409.08177,cs.LG,False
2409.08177,stat.AP,False
2409.10175,cs.CV,True
2409.10176,cs.LG,True
2409.10176,stat.AP,False
2409.10587,cs.CV,True
2409.11760,cs.SD,True
2409.11760,eess.AS,False
2409.12107,stat.AP,True
2409.13098,cs.SI,True
2409.13098,cs.LG,False
2409.13098,stat.AP,False
2409.13098,stat.ML,False
2409.13443,cs.HC,True
2409.13859,cs.HC,True
2409.13859,cs.GR,False
2410.03690,cs.HC,True
2409.14543,cs.CV,True
2409.14543,cs.AI,False
2409.14543,cs.LG,False
2409.15528,cs.RO,True
2409.15528,cs.LG,False
2409.16467,cs.RO,True
2409.17077,cs.LG,True
2409.17129,stat.ME,True
2409.17129,stat.AP,False
2409.17580,cs.IR,True
2409.17580,cs.AI,False
2409.17580,cs.DB,False
2409.18266,eess.SP,True
2409.18266,cs.LG,False
2409.18798,cs.HC,True
2409.18798,cs.AI,False
2409.18798,cs.LG,False
2409.19180,cs.HC,True
2409.19771,cs.RO,True
2409.19935,cs.HC,True
2410.09068,cs.LG,True
2410.09068,stat.AP,False
2410.00643,cs.CV,True
2410.00943,cs.LG,True
2410.01030,cs.RO,True
2410.01304,cs.CV,True
2410.01307,cs.AI,True
2410.12830,q-bio.QM,True
2410.12830,cs.AI,False
2410.12830,cs.LG,False
2410.01608,cs.RO,True
2410.01806,cs.CV,True
2410.01806,cs.AI,False
2410.02031,cs.CV,True
2410.07238,cs.HC,True
2410.05774,cs.CV,True
2410.05776,cs.RO,True
2410.05931,cs.RO,True
2410.18983,cs.HC,True
2410.07153,cs.CV,True
2410.07153,cs.LG,False
2410.07401,cs.CV,True
2410.08474,cs.CV,True
2410.08474,cs.CL,False
2410.08931,cs.LG,True
2410.19769,eess.SP,True
2410.19769,cs.AI,False
2410.19769,cs.LG,False
2410.09954,cs.CV,True
2410.09954,cs.AI,False
2410.09954,cs.LG,False
2410.11040,stat.AP,True
2410.11375,stat.AP,True
2410.11582,cs.CV,True
2410.11582,cs.AI,False
2410.11582,cs.LG,False
2410.11582,cs.MM,False
2410.12949,cs.LG,True
2410.12949,cs.CL,False
2410.13666,cs.CV,True
2410.13666,cs.CL,False
2410.14161,cs.CV,True
2410.14340,cs.CV,True
2410.16458,cs.IR,True
2410.16458,cs.AI,False
2410.16458,cs.LG,False
2410.17619,cs.CE,True
2410.17619,cs.AI,False
2410.17785,cs.CV,True
2410.17785,cs.MA,False
2410.18520,cs.CV,True
2410.19948,cs.DL,True
2410.19948,cs.AI,False
2410.20038,cs.LG,True
2410.20427,cs.CV,True
2410.20508,cs.CV,True
2410.20508,cs.HC,False
2410.20651,cs.CL,True
2410.20651,cs.AI,False
2410.21108,cs.CV,True
2410.21484,cs.LG,True
2410.21484,cs.CE,False
2410.21484,cs.ET,False
2410.21484,cs.IR,False
2410.21484,cs.SI,False
2410.21670,cs.LG,True
2410.21670,cs.AI,False
2410.21670,cs.CL,False
2410.21670,stat.ML,False
2411.08901,cs.HC,True
2411.08901,cs.LG,False
2410.22288,cs.CV,True
2411.00862,cs.CV,True
2411.00862,cs.AI,False
2410.23283,cs.RO,True
2410.23283,eess.SY,False
2411.00882,cs.CV,True
2411.00898,cs.CV,True
2411.00898,cs.AI,False
2411.00898,eess.IV,False
2411.10465,cs.HC,True
2411.02000,stat.AP,True
2411.02343,cs.LG,True
2411.02954,cs.LG,True
2411.04501,cs.CV,True
2411.04508,cs.HC,True
2411.04508,cs.CY,False
2411.04942,cs.CV,True
2411.05098,cs.HC,True
2411.05135,cs.HC,True
2411.05734,cs.CV,True
2411.05784,cs.RO,True
2411.06720,cs.LG,True
2411.06720,eess.SP,False
2411.06725,cs.CV,True
2411.08216,cs.CV,True
2411.09085,stat.AP,True
2411.10400,stat.AP,True
2411.10582,cs.CV,True
2411.11658,cs.HC,True
2411.12458,cs.CL,True
2411.12676,cs.CV,True
2411.12676,cs.LG,False
2411.13696,stat.AP,True
2411.14131,cs.HC,True
2411.14257,cs.CL,True
2411.14257,cs.AI,False
2411.14257,cs.LG,False
2412.06794,cs.CL,True
2412.06794,cs.LG,False
2412.06794,q-fin.ST,False
2411.15075,stat.AP,True
2411.15075,stat.ME,False
2411.15721,cs.LG,True
2411.16216,cs.CV,True
2411.16805,cs.AI,True
2411.16805,cs.CV,False
2411.17776,cs.CV,True
2411.17776,cs.MM,False
2411.17450,cs.LG,True
2411.17450,cs.SI,False
2411.18808,cs.CV,True
2412.00737,cs.RO,True
2412.01480,cs.RO,True
2412.01721,cs.CV,True
2412.12118,eess.SP,True
2412.12118,cs.LG,False
2412.01820,cs.CV,True
2412.02493,cs.CV,True
2412.04531,cs.CV,True
2412.04531,cs.AI,False
2412.04531,cs.LG,False
2412.05055,cs.HC,True
2412.05460,cs.CV,True
2412.05816,cs.HC,True
2412.05911,stat.AP,True
2412.05911,econ.GN,False
2412.06258,cs.CV,True
2412.08303,stat.AP,True
2412.08840,stat.AP,True
2412.09417,cs.RO,True
2412.09417,cs.AI,False
2412.09417,cs.LG,False
2412.10298,cs.LG,True
2412.11149,cs.CV,True
2412.11814,cs.CL,True
2412.12990,cs.CV,True
2412.12990,cs.ET,False
2412.12990,cs.RO,False
2412.14643,cs.CV,True
2412.15517,cs.LG,True
2412.15673,cs.CV,True
2412.15877,cs.GT,True
2412.15877,cs.AI,False
2412.15877,cs.MA,False
2412.16454,cs.CV,True
2412.16892,cs.HC,True
2412.17637,cs.CV,True
2412.17637,cs.AI,False
2412.18204,cs.CV,True
2412.18785,cs.CV,True
2412.19215,cs.AI,True
2412.19215,cs.LG,False
2412.19363,cs.AI,True
2412.19363,cs.LG,False
2412.19363,stat.ME,False
2412.19363,stat.ML,False
2412.20360,cs.CY,True
2412.20360,cs.IR,False
2412.20733,cs.CV,True
2412.20733,cs.AI,False
2412.20733,cs.CY,False
2412.20733,cs.MM,False
2501.04712,stat.AP,True
2501.04712,cs.LG,False
2412.21181,econ.EM,True
2412.21181,cs.IT,False
2412.21181,stat.AP,False
2501.00126,stat.AP,True
2501.02505,physics.soc-ph,True
2501.02505,cs.SI,False
2501.02505,stat.ML,False
2501.02771,cs.CV,True
2501.03674,cs.CV,True
2501.03674,cs.AI,False
2501.05858,stat.AP,True
2501.05870,cs.LG,True
2501.05873,stat.AP,True
2501.06472,cs.CV,True
2501.06472,cs.AI,False
2501.07221,cs.CV,True
2501.07221,cs.AI,False
2501.07502,cs.LG,True
2501.07502,cs.AI,False
2501.07960,cs.CV,True
2501.09281,cs.CV,True
2501.10299,stat.AP,True
2501.18606,physics.soc-ph,True
2501.18606,stat.AP,False
2501.12082,cs.CV,True
2501.12082,eess.IV,False
2501.12501,eess.AS,True
2501.12501,cs.SD,False
2501.13066,cs.CV,True
2501.13630,cs.MM,True
2501.14439,cs.CV,True
2501.16078,cs.CL,True
2501.16100,cs.CV,True
2501.16100,cs.AI,False
2501.16100,cs.LG,False
2503.15509,cs.HC,True
2503.15509,cs.CL,False
2501.17903,cs.MA,True
2501.17903,cs.AI,False
2501.17711,cs.LG,True
2502.00749,cs.RO,True
2502.00749,cs.CV,False
2502.01613,stat.AP,True
2502.01932,cs.RO,True
2502.01932,cs.AI,False
2502.01932,cs.LG,False
2502.02565,cs.CV,True
2502.02565,cs.LG,False
2502.02785,cs.LG,True
2502.02817,cs.AI,True
2502.02817,cs.CV,False
2502.02943,cs.SI,True
2502.02943,cs.LG,False
2502.03206,cs.RO,True
2502.03206,cs.AI,False
2502.03342,stat.AP,True
2505.15820,cs.DB,True
2505.15820,cs.AI,False
2502.04085,stat.AP,True
2502.04218,cs.CL,True
2502.04483,cs.CV,True
2502.04864,cs.MA,True
2502.04864,cs.AI,False
2502.04864,cs.LG,False
2502.04864,cs.RO,False
2502.05102,stat.ME,True
2502.05102,stat.CO,False
2502.05102,stat.ML,False
2502.05548,stat.AP,True
2502.07491,cs.LG,True
2502.07491,cs.IR,False
2502.07528,stat.AP,True
2502.07528,cs.LG,False
2502.08565,math.OC,True
2502.08565,physics.soc-ph,False
2502.08565,stat.AP,False
2502.08621,cs.HC,True
2502.08833,cs.HC,True
2502.09099,stat.AP,True
2502.09460,cs.SE,True
2502.09460,cs.AI,False
2502.09460,cs.CV,False
2502.09693,cs.HC,True
2502.09844,cs.LG,True
2502.09844,stat.ML,False
2502.09899,cs.HC,True
2502.09967,cs.CV,True
2502.10894,cs.RO,True
2502.10894,cs.AI,False
2502.10894,cs.LG,False
2502.12558,cs.CV,True
2502.12558,cs.AI,False
2502.13430,cs.AI,True
2502.13430,cs.LG,False
2502.14731,q-bio.NC,True
2502.14731,cs.LG,False
2502.15185,physics.med-ph,True
2502.15185,cs.AI,False
2502.15462,cs.CV,True
2502.16030,cs.CV,True
2502.16030,cs.AI,False
2503.05753,cs.CY,True
2503.05753,cs.AI,False
2502.16313,stat.AP,True
2502.16496,cs.LG,True
2502.16496,cs.AI,False
2502.16496,cs.MA,False
2502.16606,cs.CL,True
2502.16606,cs.AI,False
2503.16462,cs.HC,True
2502.17244,cs.CV,True
2502.17244,cs.LG,False
2502.17855,cs.HC,True
2502.17934,stat.AP,True
2502.18332,math.OC,True
2502.18332,physics.soc-ph,False
2502.18332,stat.AP,False
2503.11669,math.HO,True
2503.11669,math.PR,False
2503.11669,stat.AP,False
2503.11669,stat.CO,False
2502.18867,cs.CV,True
2503.05785,cs.CY,True
2503.05785,cs.AI,False
2502.21085,cs.CV,True
2503.01907,cs.CV,True
2503.01907,eess.IV,False
2502.21242,cs.CV,True
2503.00147,cs.CV,True
2503.00458,cs.LG,True
2503.00458,cs.CV,False
2503.01251,cs.RO,True
2503.02137,stat.ME,True
2503.02137,stat.AP,False
2503.03717,cs.AI,True
2503.04470,cs.CV,True
2503.05092,cs.RO,True
2503.05092,cs.AI,False
2503.05093,cs.CV,True
2503.06522,cs.CV,True
2503.06523,cs.CY,True
2503.06523,cs.AI,False
2503.06800,cs.CV,True
2503.07499,cs.CV,True
2503.07536,cs.CL,True
2503.07536,cs.AI,False
2503.07789,stat.AP,True
2503.07789,stat.ME,False
2503.08100,cs.HC,True
2503.08883,cs.AI,True
2503.08945,cs.HC,True
2503.09737,cs.LG,True
2503.09737,cs.AI,False
2503.09737,math.OC,False
2503.10722,cs.LG,True
2503.10722,cs.AI,False
2503.11004,cs.CV,True
2503.11020,cs.RO,True
2503.11020,cs.CV,False
2503.11726,cs.LG,True
2503.11726,cs.AI,False
2503.11181,cs.CV,True
2503.11181,cs.AI,False
2503.14530,cs.CV,True
2503.14530,cs.AI,False
2503.21790,stat.AP,True
2503.21790,cs.AI,False
2503.21790,cs.LG,False
2503.12981,cs.CV,True
2503.12981,cs.HC,False
2503.13040,stat.AP,True
2503.13569,physics.soc-ph,True
2503.13569,math.OC,False
2503.13569,stat.AP,False
2503.13077,cs.LG,True
2503.13077,cs.MA,False
2503.13956,cs.CV,True
2503.13969,cs.CV,True
2503.14173,cs.CL,True
2503.14190,cs.AI,True
2503.14637,cs.RO,True
2503.14637,cs.AI,False
2503.14637,cs.CV,False
2503.14637,cs.LG,False
2503.14637,q-bio.NC,False
2503.14760,cs.CV,True
2503.15225,cs.GR,True
2503.15225,cs.AI,False
2503.15225,cs.LG,False
2503.15225,eess.SY,False
2503.15290,cs.RO,True
2503.16557,cs.CY,True
2503.16557,cs.LG,False
2504.03681,eess.SP,True
2504.03681,cs.LG,False
2504.03681,q-bio.NC,False
2503.17646,cs.SD,True
2503.17646,cs.CV,False
2503.18282,cs.CV,True
2503.18589,cs.CV,True
2504.08747,cs.AI,True
2504.08747,cs.IR,False
2503.19355,cs.CV,True
2503.21809,stat.AP,True
2503.21809,cs.LG,False
2503.19809,cs.AI,True
2503.20715,cs.CL,True
2503.20781,cs.CV,True
2503.20936,cs.CV,True
2503.20936,cs.AI,False
2503.21067,cs.AI,True
2503.21067,cs.CL,False
2503.22757,cs.RO,True
2503.22757,eess.SY,False
2503.22757,nlin.AO,False
2503.21713,stat.AP,True
2503.22363,cs.CV,True
2503.22363,cs.AI,False
2504.08764,cs.IR,True
2504.08764,cs.CL,False
2503.23911,cs.CV,True
2504.00767,cs.LG,True
2504.00767,cs.CL,False
2504.00767,cs.HC,False
2504.01190,cs.MM,True
2504.02184,cs.RO,True
2504.02184,eess.SY,False
2504.06313,cs.CV,True
2504.06313,cs.CY,False
2504.06163,cs.CV,True
2504.06357,cs.CV,True
2504.06357,cs.LG,False
2504.06386,cs.LG,True
2504.07291,stat.AP,True
2504.07291,stat.ME,False
2504.20052,cs.CV,True
2504.08110,cs.CV,True
2504.08175,cs.CV,True
2504.08222,cs.CV,True
2504.08222,cs.AI,False
2504.09499,cs.LG,True
2504.09499,cs.AI,False
2504.09865,cs.CY,True
2504.09865,cs.AI,False
2504.09865,cs.HC,False
2504.09953,cs.CV,True
2504.10035,cs.CV,True
2504.10106,cs.CV,True
2504.10106,cs.AI,False
2504.10486,cs.CV,True
2504.11570,math.OC,True
2504.11570,cs.LG,False
2504.12021,cs.CV,True
2504.12045,cs.CV,True
2504.12045,cs.LG,False
2504.12100,cs.CV,True
2504.15072,cs.SI,True
2504.15072,cs.CL,False
2504.15746,cs.HC,True
2504.16572,cs.HC,True
2504.17365,cs.CV,True
2504.17365,cs.CL,False
2504.17771,cs.RO,True
2504.17771,cs.AI,False
2504.17771,cs.LG,False
2504.17960,cs.HC,True
2504.17960,cs.CY,False
2504.18106,cs.CL,True
2505.06238,cs.CY,True
2505.06238,stat.AP,False
2504.19514,cs.CV,True
2504.19863,cs.CV,True
2504.19863,cs.AI,False
2504.19863,cs.LG,False
2504.20459,cs.RO,True
2504.20808,cs.RO,True
2504.20808,cs.AI,False
2504.20808,cs.LG,False
2504.20859,cs.IR,True
2504.20859,cs.AI,False
2504.20859,cs.CL,False
2504.20859,cs.LG,False
2504.21216,cs.GR,True
2504.21216,cs.RO,False
2504.21561,cs.CV,True
2505.00101,cs.LG,True
2505.00101,cs.HC,False
2505.01617,cs.RO,True
2505.01617,eess.SY,False
2505.01902,cs.LG,True
2505.02170,cs.CE,True
2505.02170,cs.AI,False
2505.02170,cs.LG,False
2505.02170,math.OC,False
2505.03154,cs.CV,True
2505.03154,cs.AI,False
2505.03154,cs.GR,False
2505.03445,cs.CV,True
2505.03735,cs.CV,True
2505.03991,cs.CV,True
2505.04317,cs.AI,True
2505.04713,cs.CV,True
2505.04713,cs.LG,False
2505.05120,stat.AP,True
2505.05356,cs.GR,True
2505.05356,cs.AI,False
2505.05356,cs.CV,False
2505.06588,cs.RO,True
2505.06588,cs.MA,False
2505.06588,eess.SY,False
2505.06588,nlin.AO,False
2505.07294,cs.RO,True
2505.07294,cs.AI,False
2505.07294,cs.LG,False
2505.07294,eess.SY,False
2505.08238,cs.RO,True
2505.08665,cs.CV,True
2505.09024,cs.AI,True
2505.09024,cs.CL,False
2505.09024,cs.LG,False
2505.09455,cs.CV,True
2505.11326,cs.CV,True
2505.11326,cs.AI,False
2505.11841,stat.AP,True
2505.14711,stat.AP,True
2505.14711,cs.AI,False
2505.12619,cs.GR,True
2505.12679,cs.RO,True
2505.12854,cs.CV,True
2505.13106,math.OC,True
2505.13106,physics.soc-ph,False
2505.13106,stat.AP,False
2505.13834,cs.RO,True
2505.13834,cs.AI,False
2505.13860,cs.CV,True
2505.13860,cs.AI,False
2505.15859,cs.IR,True
2505.15859,cs.AI,False
2505.16175,cs.CV,True
2505.16175,cs.AI,False
2505.16199,cs.AI,True
2505.16630,cs.CV,True
2505.16630,cs.AI,False
2505.19813,cs.CV,True
2505.20987,cs.IR,True
2505.23810,cs.CL,True
2505.23810,cs.AI,False
2505.21882,cs.LG,True
2505.21916,cs.RO,True
2505.22007,cs.CV,True
2505.22525,cs.CV,True
2505.22525,cs.AI,False
2505.22525,cs.CL,False
2506.03171,cs.CV,True
2506.03171,cs.AI,False
2505.22974,cs.RO,True
2505.22974,cs.LG,False
2505.24415,cs.LG,True
2505.24415,cs.AI,False
2505.24629,cs.LG,True
2505.24629,cs.GT,False
2505.24876,cs.CV,True
2505.24876,cs.CL,False
2506.00214,physics.flu-dyn,True
2506.00214,cs.AI,False
2506.00348,stat.ML,True
2506.00348,cs.AI,False
2506.00348,cs.LG,False
2506.04251,cs.AI,True
2506.04251,cs.LG,False
2506.04251,cs.MA,False
2506.03198,cs.CV,True
2506.03198,cs.AI,False
2506.01373,cs.CV,True
2506.01466,cs.CV,True
2506.01910,cs.IR,True
2506.02283,cs.CL,True
2506.02283,eess.AS,False
2506.02351,cs.CL,True
2506.02351,cs.AI,False
2506.02351,cs.CV,False
2506.03032,cs.AI,True
2506.03032,cs.CY,False
2506.03032,cs.LG,False
2506.03057,stat.AP,True
2506.03335,cs.CV,True
2506.05397,cs.GR,True
2506.05397,cs.AI,False
2506.04365,cs.CV,True
2506.04365,cs.AI,False
2506.04602,cs.GT,True
2506.04602,cs.LG,False
2506.04983,cs.CV,True
2506.04996,cs.CV,True
2506.05092,cs.RO,True
2506.05092,cs.CV,False
2506.05274,cs.CV,True
2506.05763,cs.CV,True
2506.05866,stat.AP,True
2506.06277,cs.CV,True
2506.06666,cs.LG,True
2506.06666,stat.ML,False
2506.06690,cs.RO,True
2506.06690,cs.CV,False
2506.07270,cs.CL,True
2506.07860,cs.CV,True
2506.07981,cs.CV,True
2506.07981,cs.LG,False
2506.13779,physics.soc-ph,True
2506.13779,stat.AP,False
2506.08327,cs.CV,True
2506.09992,cs.CL,True
2506.11399,stat.AP,True
2506.11399,stat.ML,False
2506.11786,cs.LG,True
2506.11934,cs.SI,True
2506.11934,cs.MM,False
2506.15355,cs.CL,True
2506.15937,cs.CV,True
2506.15937,cs.AI,False
2506.15937,cs.MM,False
2507.02884,stat.AP,True
2507.02884,math.PR,False
2506.16696,cs.AI,True
2506.16821,cs.CV,True
2506.16838,stat.AP,True
2506.16838,q-bio.NC,False
2506.16840,cs.LG,True
2506.17144,cs.CV,True
2506.17144,cs.AI,False
2506.17144,cs.LG,False
2506.17505,cs.CV,True
2507.02904,cs.CV,True
2507.02904,cs.AI,False
2507.02906,cs.CV,True
2507.02906,cs.LG,False
2506.22503,cs.CV,True
2506.22503,cs.LG,False
2506.21784,cs.AI,True
2506.21822,stat.AP,True
2506.22350,stat.AP,True
2506.22967,cs.CV,True
2506.22967,cs.LG,False
2506.22967,cs.MM,False
2506.23125,cs.RO,True
2506.23549,cs.AI,True
2506.23549,cs.HC,False
2506.23549,cs.LG,False
2506.23843,cs.LG,True
2507.00261,cs.CV,True
2507.00261,cs.GR,False
2507.00333,cs.HC,True
2507.00333,cs.CV,False
2507.00333,cs.GR,False
2507.00333,eess.IV,False
2507.01238,stat.AP,True
2507.01340,cs.CV,True
2507.03016,cs.CV,True
2507.02827,cs.CV,True
2507.02827,cs.AI,False
2507.04430,cs.RO,True
2507.06122,stat.AP,True
2507.06790,cs.GR,True
2507.06790,cs.HC,False
2507.07381,cs.CV,True
2507.07734,cs.CV,True
2507.07734,cs.NE,False
2507.07966,cs.CV,True
2507.07966,cs.AI,False
2507.07966,cs.CL,False
2507.08108,stat.ML,True
2507.08108,cs.DS,False
2507.08108,cs.LG,False
2507.08108,math.PR,False
2507.08108,math.ST,False
2507.08268,cs.CV,True
2507.09200,cs.CV,True
2507.10626,cs.LG,True
2507.10626,cs.AI,False
2507.10334,cs.LG,True
2507.10956,stat.ML,True
2507.10956,cs.LG,False
2507.10969,cs.CV,True
2507.11642,cs.CV,True
2507.11642,cs.LG,False
2507.12504,cs.DB,True
2507.12504,cs.AI,False
2507.12245,cs.CV,True
2507.12292,cs.CV,True
2507.12547,cs.CL,True
2507.12547,cs.AI,False
2507.12547,cs.PL,False
2507.12617,cs.CV,True
2507.12905,cs.CV,True
2507.14368,cs.CV,True
2507.14368,q-bio.QM,False
2507.14657,cs.CV,True
2507.14657,cs.AI,False
2507.14809,cs.CV,True
2507.14809,cs.MM,False
2507.14809,cs.RO,False
2507.14901,stat.ML,True
2507.14901,cs.AI,False
2507.14901,cs.LG,False
2507.15320,stat.AP,True
2507.15320,math.OC,False
2507.15320,physics.soc-ph,False
2507.16542,cs.HC,True
2507.17844,cs.CV,True
2507.17844,cs.AI,False
2507.19469,cs.CV,True
2507.19469,cs.RO,False
2507.20006,cs.HC,True
2507.20104,cs.CV,True
2507.20163,cs.CV,True
2507.20763,cs.CV,True
2508.09992,cs.LG,True
2508.09992,cs.AI,False
2507.21945,cs.CV,True
2507.22438,cs.CV,True
2507.22782,cs.AI,True
2507.22782,cs.LG,False
2507.23215,cs.HC,True
2508.00200,stat.AP,True
2508.02725,cs.LG,True
2508.02725,cs.AI,False
2508.00974,cs.CV,True
2508.00974,cs.AI,False
2508.00974,cs.LG,False
2508.01511,cs.LG,True
2508.01802,cs.CV,True
2508.04008,stat.AP,True
2508.05891,stat.ME,True
2508.05891,stat.AP,False
2508.07543,cs.CV,True
2508.07543,cs.LG,False
2508.07554,cs.MM,True
2508.14065,cs.IR,True
2508.14065,cs.LG,False
2508.08179,cs.CV,True
2508.08179,cs.MM,False
2508.08242,cs.HC,True
2508.09650,cs.CV,True
2508.09810,cs.LG,True
2508.09810,stat.AP,False
2508.10281,cs.CV,True
2508.10436,cs.SD,True
2508.10436,cs.AI,False
2508.10436,cs.LG,False
2508.10436,eess.AS,False
2508.10729,cs.CV,True
2508.10729,cs.AI,False
2508.11569,cs.CV,True
2508.11569,cs.IR,False
2508.12473,cs.CV,True
2508.12473,cs.AI,False
2508.12695,cs.CV,True
2508.12930,stat.ML,True
2508.12930,cs.LG,False
2508.13051,cs.SE,True
2508.13051,cs.HC,False
2508.13303,cs.RO,True
2508.13303,cs.AI,False
2508.13444,cs.RO,True
2508.13507,cs.CV,True
2508.15299,cs.CV,True
2508.15956,stat.AP,True
2508.16291,cs.CV,True
2508.16291,cs.MM,False
2508.16942,cs.CV,True
2508.17157,cs.CL,True
2508.17611,cs.AI,True
2508.19295,cs.CV,True
2508.19295,cs.LG,False
2508.19182,cs.CV,True
2508.19230,cs.HC,True
2508.19477,cs.CV,True
2508.19477,cs.AI,False
2508.19542,cs.CV,True
2508.19647,cs.CV,True
2508.20491,cs.CV,True
2508.20491,cs.AI,False
2508.21043,cs.RO,True
2509.00849,cs.CL,True
2509.00863,cs.LG,True
2509.05334,cs.CV,True
2509.05334,cs.MM,False
2509.01243,stat.AP,True
2509.01439,cs.CV,True
2509.01439,cs.AI,False
2509.01439,cs.MM,False
2509.03682,cs.LG,True
2509.04731,cs.AI,True
2509.04731,cs.CL,False
2509.04731,cs.LG,False
2509.04731,cs.MA,False
2509.04731,cs.RO,False
2509.05913,cs.CV,True
2509.05961,cs.HC,True
2509.08128,cs.SI,True
2509.08128,cs.CY,False
2509.08128,cs.HC,False
2509.08495,cs.RO,True
2509.09314,cs.AI,True
2509.09314,cs.HC,False
2509.09569,stat.AP,True
2509.22670,stat.AP,True
2509.22670,math.PR,False
2509.10600,cs.CY,True
2509.10600,cs.AI,False
2509.10600,cs.LG,False
2509.10729,cs.LG,True
2509.11362,cs.LG,True
2509.11362,cs.CV,False
2509.11698,cs.CL,True
2509.11698,cs.AI,False
2509.11698,cs.CV,False
2509.11698,cs.LG,False
2509.11796,cs.CV,True
2509.12203,cs.CV,True
2509.12592,cs.AI,True
2509.12592,cs.CL,False
2509.13141,econ.GN,True
2509.13141,physics.soc-ph,False
2509.13141,stat.AP,False
2509.13605,cs.CV,True
2509.13605,cs.RO,False
2509.14210,cs.RO,True
2509.14477,cs.CL,True
2509.15602,cs.CV,True
2509.16095,cs.CV,True
2509.18387,cs.CV,True
2509.18451,cs.CV,True
2509.18662,cs.HC,True
2509.19659,cs.CV,True
2510.01247,cs.CL,True
2510.01247,cs.AI,False
2509.20083,stat.AP,True
2509.20168,cs.CL,True
2509.20322,cs.RO,True
2509.20322,cs.CV,False
2509.20322,cs.LG,False
2509.20715,cs.CV,True
2509.20715,cs.AI,False
2509.21595,cs.CV,True
2509.21595,cs.AI,False
2509.21673,cs.LG,True
2509.21673,cs.AI,False
2509.21690,cs.RO,True
2510.01264,cs.LG,True
2510.01264,cs.RO,False
2509.21943,cs.AI,True
2509.21943,cs.LG,False
2509.22111,cs.LG,True
2509.22111,stat.AP,False
2509.22442,cs.GR,True
2509.22442,cs.AI,False
2509.22442,cs.LG,False
2509.22442,cs.RO,False
2509.22522,cs.LG,True
2509.22522,cs.CV,False
2509.23125,cs.NI,True
2509.23125,cs.LG,False
2511.03732,cs.HC,True
2511.03732,cs.AI,False
2509.23455,cs.CV,True
2509.23455,cs.LG,False
2509.24250,cs.AI,True
2509.24250,cs.HC,False
2509.24250,cs.LG,False
2509.24606,cs.CV,True
2509.24640,cs.CV,True
2509.24640,cs.AI,False
2509.25542,cs.RO,True
2509.25542,cs.CV,False
2509.25858,cs.AI,True
2509.25858,cs.LG,False
2509.26088,cs.CV,True
2509.26593,cs.HC,True
2510.00274,cs.AI,True
2510.00274,cs.LG,False
2510.00274,cs.MA,False
2510.00480,cs.AI,True
2510.01810,stat.AP,True
2510.01843,cs.RO,True
2510.02129,cs.RO,True
2510.02264,cs.CV,True
2510.02264,cs.AI,False
2510.02264,cs.LG,False
2510.03064,cs.LG,True
2510.03064,cs.AI,False
2510.03232,cs.CV,True
2510.03808,cs.CL,True
2510.03921,cs.CV,True
2510.03921,cs.AI,False
2510.03921,cs.HC,False
2510.04739,cs.CV,True
2510.04739,cs.MM,False
2510.06842,cs.CV,True
2510.07297,cs.AI,True
2510.08754,cs.RO,True
2510.08754,eess.SY,False
2510.09187,cs.CV,True
2510.09187,cs.AI,False
2510.10496,cs.HC,True
2510.10496,cs.AI,False
2510.15983,cs.AI,True
2510.11552,cs.RO,True
2510.12749,cs.CV,True
2510.14617,cs.CV,True
2510.14723,stat.AP,True
2510.15487,stat.AP,True
2510.15487,cs.LG,False
2510.17641,econ.GN,True
2510.17641,physics.soc-ph,False
2510.17641,stat.AP,False
2510.17722,cs.CV,True
2510.17722,cs.AI,False
2510.18173,cs.CL,True
2510.18193,cs.AI,True
2510.18193,cs.CV,False
2510.18193,cs.LG,False
2510.18193,stat.ML,False
2510.19150,cs.CV,True
2510.19150,cs.AI,False
2510.19150,cs.LG,False
2510.19457,cs.CL,True
2510.19671,cs.AI,True
2510.20287,cs.CV,True
2510.20287,cs.AI,False
2510.20287,cs.LG,False
2510.20454,cs.LG,True
2510.21034,cs.CL,True
2510.21360,cs.CL,True
2510.22491,cs.LG,True
2510.22491,cs.CE,False
2510.22491,cs.CV,False
2510.22535,cs.AI,True
2510.22535,cs.CL,False
2510.23216,cs.AI,True
2510.23216,cs.LG,False
2510.25961,stat.AP,True
2510.26389,cs.LG,True
2510.26389,cs.MA,False
2510.27003,cs.SI,True
2510.27003,cs.LG,False
2511.00121,cs.LG,True
2511.00121,physics.soc-ph,False
2511.00121,stat.AP,False
2511.00162,cs.AI,True
2511.00162,cs.LG,False
2511.00261,cs.CV,True
2511.00261,cs.HC,False
2511.00553,physics.soc-ph,True
2511.00553,stat.AP,False
2511.00584,cs.IR,True
2511.00584,cs.CL,False
2511.01340,cs.CV,True
2511.01340,cs.CL,False
2511.02815,cs.LG,True
2511.02815,cs.AI,False
2511.03051,cs.AI,True
2511.03051,cs.IR,False
2511.03880,cs.CL,True
2511.03880,cs.CY,False
2511.03996,cs.RO,True
2511.04126,cs.CV,True
2511.04126,cs.AI,False
2511.04491,cs.CL,True
2511.04491,cs.AI,False
2511.04491,cs.DB,False
2511.04491,cs.IR,False
2511.04491,cs.LG,False
2511.06191,cs.CY,True
2511.06191,stat.AP,False
2511.06499,cs.CV,True
2511.11644,eess.IV,True
2511.11644,cs.CV,False
2511.07250,cs.CV,True
2511.07250,cs.AI,False
2511.08854,cs.LG,True
2511.09448,cs.MM,True
2511.09448,cs.LG,False
2511.09455,cs.CV,True
2511.09457,stat.AP,True
2511.09457,stat.ME,False
2511.09502,cs.CV,True
2511.09502,cs.AI,False
2511.10250,cs.CV,True
2511.10250,cs.AI,False
2511.10250,cs.HC,False
2511.11218,cs.RO,True
2511.12606,cs.CV,True
2511.12908,cs.CV,True
2511.12908,cs.AI,False
2511.13326,stat.AP,True
2511.13326,cs.AI,False
2511.13993,cs.CV,True
2511.14035,stat.AP,True
2511.14057,cs.LG,True
2511.14057,cs.AI,False
2511.14186,cs.CV,True
2511.14186,cs.AI,False
2511.17610,cs.LG,True
2511.14297,stat.AP,True
2511.14945,cs.CV,True
2511.15565,cs.CV,True
2511.16183,cs.AI,True
2511.16183,cs.CV,False
2511.16524,cs.CV,True
2511.17045,cs.CV,True
2511.17045,cs.AI,False
2511.17045,cs.MM,False
2511.18248,cs.LG,True
2511.18248,cs.CV,False
2511.18618,cs.CL,True
2511.18618,cs.AI,False
2511.18730,cs.LG,True
2511.19629,cs.CV,True
2511.19642,stat.AP,True
2511.19885,cs.MA,True
2511.19885,cs.LG,False
2511.20250,cs.CV,True
2511.20250,cs.AI,False
2511.20250,cs.LG,False
2511.21157,cs.HC,True
2511.21653,cs.CV,True
2511.22847,cs.RO,True
2511.23072,eess.SP,True
2511.23072,cs.AI,False
2511.23072,stat.AP,False
2512.00203,stat.AP,True
2512.00203,cs.LG,False
2512.00203,eess.IV,False
2512.00312,stat.AP,True
2512.01478,cs.CV,True
2512.01478,cs.MA,False
2512.01853,cs.CV,True
2512.02017,cs.CV,True
2512.02017,cs.AI,False
2512.02017,cs.LG,False
2512.02017,cs.RO,False
2512.02210,stat.AP,True
2512.02210,math.PR,False
2512.02651,cs.HC,True
2512.02651,cs.CV,False
2512.02651,cs.SE,False
2512.02789,cs.CV,True
2512.03166,cs.RO,True
2512.03166,cs.CV,False
2512.03337,cs.SI,True
2512.03337,cs.CL,False
2512.03337,cs.CY,False
2512.03337,cs.DL,False
2512.04480,cs.AI,True
2512.04480,cs.CE,False
2512.04480,eess.SY,False
2512.04480,math.OC,False
2512.05103,cs.LG,True
2512.05103,cs.AI,False
2512.05103,cs.CL,False
2512.05103,cs.CV,False
2512.05212,cs.AI,True
2512.05212,cs.CL,False
2512.05277,cs.CV,True
2512.05277,cs.AI,False
2512.06434,cs.CV,True
2512.06434,cs.LG,False
2512.06571,cs.RO,True
2512.06783,cs.CV,True
2512.08139,cs.LG,True
2512.08467,cs.CV,True
2512.08500,cs.GR,True
2512.08500,cs.CV,False
2512.08591,cs.LG,True
2512.08591,cs.NE,False
2512.08824,stat.AP,True
2512.09431,cs.RO,True
2512.10355,cs.LG,True
2512.10355,cs.MA,False
2512.11016,cs.CV,True
2512.11016,cs.AI,False
2512.10918,cs.HC,True
2512.10918,cs.CL,False
2512.12378,cs.CV,True
2512.12437,cs.RO,True
2512.12437,cs.LG,False
2512.12474,eess.SY,True
2512.12474,cs.AI,False
2512.12474,cs.LG,False
2512.14121,cs.CV,True
2512.14121,cs.AI,False
2512.15269,cs.SI,True
2512.15269,cs.LG,False
2512.15269,stat.ML,False
2512.15386,cs.CV,True
2512.19740,cs.LG,True
2512.19740,cs.DB,False
2512.19740,stat.OT,False
2512.16199,cs.CV,True
2512.17266,cs.AI,True
2601.06053,cs.CY,True
2601.06053,cs.AI,False
2601.06053,cs.HC,False
2512.17446,cs.HC,True
2512.22186,cs.LG,True
2512.22186,cs.AI,False
2512.18320,physics.app-ph,True
2512.18320,cs.RO,False
2512.18467,stat.AP,True
2512.19327,cs.CV,True
2512.19528,cs.CV,True
2512.19551,cs.AI,True
2512.20951,cs.RO,True
2512.20951,cs.HC,False
2512.22275,cs.CV,True
2512.22275,cs.AI,False
2512.21877,cs.CL,True
2512.21877,cs.AI,False
2601.00216,cs.CL,True
2601.00421,cs.AI,True
2601.00604,cs.LG,True
2601.00748,cs.LG,True
2601.00998,cs.CV,True
2601.02011,stat.AP,True
2601.03099,cs.LG,True
2601.03099,econ.EM,False
2601.03099,stat.ML,False
2601.04369,physics.soc-ph,True
2601.04369,cs.CL,False
2601.04948,cs.RO,True
2601.06647,cs.CV,True
2601.07154,cs.CV,True
2601.07980,stat.ME,True
2601.07980,stat.AP,False
2601.08713,cs.RO,True
2601.08713,cs.AI,False
2601.08713,cs.CV,False
2601.09673,physics.soc-ph,True
2601.09673,econ.GN,False
2601.09673,math.OC,False
2601.09673,stat.AP,False
2601.09698,cs.CV,True
2601.14037,cs.CV,True
2601.10862,econ.GN,True
2601.10862,stat.AP,False
2601.11492,cs.AI,True
2601.11825,cs.AI,True
2601.11825,cs.IR,False
2601.12132,cs.CL,True
2601.12132,cs.AI,False
2601.14333,cs.LG,True
2601.15000,cs.LG,True
2601.15608,math.OC,True
2601.15608,stat.AP,False
2601.15995,cs.RO,True
2601.15995,cs.AI,False
2601.15995,cs.LG,False
2601.17069,cs.LG,True
2601.17069,cs.AI,False
2601.16333,cs.CV,True
2601.16333,cs.AI,False
2601.16333,cs.CL,False
2601.18774,stat.AP,True
2601.18774,math.PR,False
2601.18774,stat.ME,False
2603.06585,cs.HC,True
2603.06585,cs.AI,False
2601.19479,cs.LG,True
2601.19479,cs.AI,False
2602.00133,q-fin.ST,True
2602.00133,cs.AI,False
2601.20661,cs.CV,True
2601.21981,cs.AI,True
2601.21981,cs.DB,False
2601.22491,cs.CL,True
2602.00401,cs.RO,True
2602.00401,cs.AI,False
2602.00484,cs.CV,True
2602.00484,cs.MM,False
2602.00676,cs.AI,True
2602.00676,cs.MA,False
2602.02473,cs.RO,True
2602.02473,cs.LG,False
2602.07030,cs.LG,True
2602.02979,cs.CL,True
2602.02979,cs.LG,False
2602.03157,cs.CV,True
2602.03310,cs.RO,True
2602.03310,cs.AI,False
2602.03310,cs.CV,False
2602.03310,cs.LG,False
2602.05310,cs.RO,True
2602.05544,cs.AI,True
2602.05888,cs.GT,True
2602.05888,cs.AI,False
2602.07208,cs.IR,True
2602.07208,cs.AI,False
2602.07860,cs.CV,True
2602.07860,cs.GR,False
2602.08057,cs.CV,True
2602.08057,cs.AI,False
2602.08083,stat.AP,True
2602.08370,cs.RO,True
2602.08370,cs.AI,False
2602.08370,cs.LG,False
2602.08996,cs.CV,True
2602.10784,stat.AP,True
2602.11492,cs.HC,True
2602.12080,cs.LG,True
2602.13656,cs.RO,True
2602.15181,cs.CV,True
2602.15181,cs.LG,False
2602.15181,cs.RO,False
2602.18504,cs.CV,True
2602.18504,cs.AI,False
2602.16830,stat.AP,True
2602.16830,cs.LG,False
2602.17043,stat.AP,True
2602.18519,cs.LG,True
2602.18519,cs.CV,False
2604.09570,cs.HC,True
2602.18907,cs.LG,True
2602.18907,cs.CV,False
2602.18907,cs.CY,False
2602.18966,cs.CL,True
2602.19170,cs.CV,True
2602.19333,cs.CL,True
2602.19333,cs.IR,False
2602.19333,cs.SI,False
2602.19513,stat.AP,True
2602.19513,stat.ML,False
2602.19582,cs.LG,True
2602.20375,cs.RO,True
2602.21029,stat.AP,True
2602.21029,math.OC,False
2602.21029,physics.soc-ph,False
2602.21599,cs.RO,True
2602.21599,cs.CV,False
2602.22073,cs.CV,True
2602.22077,cs.HC,True
2602.22118,cs.RO,True
2602.22527,cs.LG,True
2602.22527,cs.AI,False
2602.22941,cs.CV,True
2602.23123,cs.AI,True
2602.23233,stat.AP,True
2602.23288,cs.HC,True
2603.00948,cs.RO,True
2603.02360,math.PR,True
2603.02360,stat.AP,False
2603.02655,cs.CL,True
2603.02655,cs.AI,False
2604.20861,cs.IR,True
2604.20861,cs.AI,False
2603.06691,cs.CV,True
2603.06691,cs.RO,False
2603.04597,cs.CL,True
2603.04597,cs.AI,False
2603.04864,cs.CV,True
2603.04874,cs.CV,True
2603.04874,cs.AI,False
2603.04874,cs.LG,False
2603.05671,cs.LG,True
2603.06863,cs.CV,True
2603.06863,cs.AI,False
2603.08617,cs.RO,True
2603.09896,cs.CV,True
2603.13397,cs.CV,True
2603.10916,cs.LG,True
2603.11016,stat.AP,True
2603.12612,cs.LG,True
2603.12612,cs.AI,False
2603.12686,cs.RO,True
2603.13934,cs.IR,True
2603.13934,cs.AI,False
2603.14605,cs.RO,True
2603.15192,stat.AP,True
2603.15212,cs.AI,True
2603.15212,cs.LG,False
2604.16349,cs.IR,True
2604.16349,cs.AI,False
2604.16349,cs.CL,False
2603.17324,cs.AI,True
2603.17324,cs.LG,False
2603.17687,cs.LG,True
2603.17687,cs.AI,False
2603.17866,stat.AP,True
2603.17866,stat.ME,False
2603.18354,cs.RO,True
2603.18453,cs.CV,True
2603.19199,cs.RO,True
2603.19199,cs.CV,False
2603.19770,cs.CV,True
2603.21163,stat.AP,True
2603.21163,stat.ME,False
2603.21825,cs.HC,True
2603.21825,cs.AI,False
2603.23722,cs.MA,True
2603.23722,cs.LG,False
2603.24015,stat.ME,True
2603.24015,stat.AP,False
2603.24023,cs.CL,True
2603.24023,cs.AI,False
2603.25135,cs.CV,True
2603.25163,cs.CV,True
2603.25199,cs.CV,True
2603.25533,cs.CV,True
2603.25736,cs.CV,True
2603.25901,cs.LG,True
2603.25901,cs.AI,False
2603.25901,cs.CV,False
2603.26575,cs.LG,True
2603.26653,cs.CV,True
2603.26653,cs.AI,False
2603.26653,cs.CL,False
2603.26653,cs.LG,False
2603.26935,stat.AP,True
2603.27158,cs.CV,True
2603.27158,cs.LG,False
2603.27502,stat.AP,True
2603.27766,cs.LG,True
2603.27766,stat.ML,False
2604.04947,cs.IR,True
2604.04947,cs.AI,False
2603.28916,cs.LG,True
2603.28916,cs.CY,False
2603.28931,cs.CV,True
2604.00057,cs.MM,True
2604.00057,cs.AI,False
2604.00717,cs.MA,True
2604.00717,cs.AI,False
2604.01130,cs.LG,True
2604.01130,cs.CV,False
2604.01158,cs.RO,True
2604.01318,cs.CV,True
2604.01383,cs.CV,True
2604.01383,cs.AI,False
2604.01558,cs.HC,True
2604.02447,cs.CV,True
2604.02447,cs.AI,False
2604.02447,cs.LG,False
2604.03715,cs.HC,True
2604.03715,cs.AI,False
2604.15353,eess.SP,True
2604.15353,cs.LG,False
2604.04419,cs.CV,True
2604.04618,cs.RO,True
2604.05636,cs.CV,True
2604.05943,cs.AI,True
2604.06448,cs.LG,True
2604.06448,cs.AI,False
2604.06448,cs.MM,False
2604.06448,eess.IV,False
2604.07740,cs.CV,True
2604.07740,cs.AI,False
2604.08294,cs.CV,True
2604.08294,cs.AI,False
2604.08294,cs.CL,False
2604.08722,cs.CV,True
2604.08722,cs.AI,False
2604.08882,cs.RO,True
2604.09143,cs.LG,True
2604.09143,stat.ME,False
2604.09487,cs.RO,True
2604.09487,cs.LG,False
2604.10466,cs.CV,True
2604.11349,cs.RO,True
2604.11440,cs.IR,True
2604.11786,cs.AI,True
2604.11786,cs.MA,False
2604.12122,stat.AP,True
2604.12934,eess.IV,True
2604.13472,cs.LG,True
2604.13472,cs.AI,False
2604.13472,cs.MA,False
2604.13581,cs.CV,True
2604.13796,cs.IR,True
2604.13796,cs.LG,False
2604.13861,cs.LG,True
2604.13861,stat.AP,False
2604.14321,cs.CL,True
2604.14534,cs.LG,True
2604.14534,stat.AP,False
2604.15665,cs.CV,True
2604.15665,cs.PF,False
2604.15736,cs.CV,True
2604.15736,cs.CL,False
2604.16588,cs.CV,True
2604.16588,cs.AI,False
2604.17065,cs.CV,True
2604.17194,stat.ML,True
2604.17194,cs.LG,False
2604.17567,cs.CV,True
2604.17567,eess.IV,False
2604.18210,cs.AI,True
2604.18210,cs.LG,False
2604.18210,cs.MA,False
2604.18331,cs.RO,True
2604.19104,cs.RO,True
2604.19104,cs.AI,False
2604.22839,cs.CV,True
2604.22839,cs.AI,False
2604.20071,cs.HC,True
2604.20071,cs.CY,False
2604.20285,stat.AP,True
2604.20285,stat.OT,False
2604.20421,cs.LG,True
2604.21087,stat.AP,True
2604.21953,cs.LG,True
2604.21953,cs.CY,False
2606.09842,cs.HC,True
2606.09842,cs.AI,False
2606.09842,cs.CV,False
2604.22162,cs.CV,True
2604.22226,cs.CV,True
2604.23392,cs.AI,True
2604.23702,cs.RO,True
2604.23830,cs.HC,True
2605.00888,cs.CV,True
2605.00888,cs.AI,False
2605.00888,cs.LG,False
2605.00888,eess.IV,False
2605.00888,eess.SP,False
2604.24415,cs.SI,True
2604.24415,cs.CV,False
2604.24415,eess.SP,False
2604.26501,cs.CL,True
2604.26501,cs.AI,False
2604.26501,cs.HC,False
2604.27865,cs.AI,True
2605.01234,cs.CV,True
2605.01506,cs.CV,True
2605.01876,cs.CV,True
2605.01876,cs.AI,False
2605.02558,cs.CV,True
2605.02623,cs.CV,True
2605.02623,cs.MM,False
2605.02761,cs.MM,True
2605.02761,cs.NI,False
2605.04724,cs.CR,True
2605.04724,cs.AI,False
2605.05096,cs.IR,True
2605.05487,cs.HC,True
2605.05724,cs.MA,True
2605.05724,cs.AI,False
2605.07125,cs.IR,True
2605.07125,cs.AI,False
2605.09598,cs.CV,True
2605.10085,cs.HC,True
2605.10717,cs.LG,True
2605.10717,cs.CV,False
2605.10796,cs.AI,True
2605.12437,cs.CV,True
2605.12799,cs.MA,True
2605.12799,cs.CY,False
2605.12799,cs.MM,False
2605.13142,cs.AI,True
2605.13142,math.OC,False
2605.13192,cs.RO,True
2605.16405,cs.CV,True
2605.13926,stat.AP,True
2605.14855,cs.LG,True
2605.14855,cs.AI,False
2605.14855,eess.SP,False
2605.15252,cs.LG,True
2605.15252,cs.AI,False
2605.15252,eess.SP,False
2605.15650,cs.RO,True
2605.16066,stat.AP,True
2605.16237,cs.CY,True
2605.16237,cs.HC,False
2605.17179,cs.CV,True
2605.17845,stat.AP,True
2605.24000,cs.CL,True
2605.20388,cs.CV,True
2605.22073,cs.IR,True
2605.24056,stat.AP,True
2605.23355,cs.CV,True
2605.23355,cs.LG,False
2605.23355,cs.MM,False
2605.23597,cs.CL,True
2605.23597,cs.LG,False
2605.23790,cs.CV,True
2605.24481,cs.CV,True
2605.25409,cs.CV,True
2605.25610,physics.soc-ph,True
2605.25610,econ.GN,False
2605.25610,math.OC,False
2605.25610,stat.AP,False
2605.25696,cs.LG,True
2605.26340,cs.AI,True
2605.26340,cs.CL,False
2605.26340,cs.MA,False
2607.26061,cs.LG,True
2607.26061,cs.AI,False
2605.27636,cs.CL,True
2605.28011,cs.CV,True
2605.28549,cs.RO,True
2605.28549,cs.LG,False
2605.30394,cs.SE,True
2605.30394,cs.AI,False
2605.29953,cs.CV,True
2605.30209,econ.GN,True
2605.30209,stat.AP,False
2605.30864,cs.HC,True
2605.30864,q-bio.NC,False
2605.31529,cs.CV,True
2605.31551,cs.CV,True
2606.00829,cs.CV,True
2606.01170,cs.MA,True
2606.01170,cs.RO,False
2606.01419,cs.CV,True
2606.02482,cs.CV,True
2606.14730,cs.CV,True
2606.04550,cs.IR,True
2606.04550,cs.AI,False
2606.04550,cs.SI,False
2606.04593,cs.CV,True
2606.06353,cs.LG,True
2606.06926,cs.CV,True
2606.06926,cs.MM,False
2606.07433,cs.CV,True
2606.07433,cs.AI,False
2606.07433,cs.MM,False
2606.08064,cs.RO,True
2606.08133,cs.CV,True
2606.09181,cs.CV,True
2606.09181,cs.LG,False
2606.09246,cs.CV,True
2606.09289,cs.LG,True
2606.09327,cs.LG,True
2606.09327,cs.AI,False
2606.09679,cs.CV,True
2608.18097,cs.CL,True
2606.10628,cs.CV,True
2606.11092,cs.RO,True
2606.11092,cs.AI,False
2606.11120,cs.AI,True
2606.11120,cs.CV,False
2606.11464,cs.RO,True
2606.12106,cs.CV,True
2606.12106,cs.AI,False
2606.12281,cs.MA,True
2606.12281,cs.AI,False
2606.12281,cs.LG,False
2606.13033,cs.CV,True
2606.14631,cs.CV,True
2606.15992,cs.CV,True
2606.17345,cs.LG,True
2606.17345,cs.AI,False
2606.17388,cs.RO,True
2606.17388,cs.CG,False
2606.17388,eess.SY,False
2606.17615,cs.CV,True
2606.17615,cs.AI,False
2606.17869,eess.IV,True
2606.18786,cs.AI,True
2606.19647,cs.CL,True
2606.19647,cs.CY,False
2606.19647,cs.SI,False
2606.20542,cs.CV,True
2606.21146,cs.CV,True
2606.24916,cs.AR,True
2606.24916,cs.MM,False
2606.22876,cs.CV,True
2606.23291,cs.IR,True
2606.25620,cs.RO,True
2606.25620,cs.CV,False
2606.25620,eess.IV,False
2606.26215,cs.RO,True
2606.26215,cs.CV,False
2606.26643,cs.RO,True
2606.26780,cs.CV,True
2606.26780,eess.IV,False
2606.27914,cs.RO,True
2606.27914,eess.SY,False
2606.27988,cs.CV,True
2606.28145,cs.LG,True
2606.28570,cs.CV,True
2606.28570,cs.AI,False
2606.28570,cs.MA,False
2606.28805,cs.RO,True
2606.30266,cs.LG,True
2606.30266,cs.AI,False
2606.30449,cs.LG,True
2606.31127,cs.CV,True
2606.31127,cs.AI,False
2606.31127,cs.LG,False
2606.31979,cs.CV,True
2607.00190,cs.LG,True
2607.00190,cs.AI,False
2608.07513,cs.HC,True
2608.07513,cs.CY,False
2607.01517,cs.CL,True
2607.01722,stat.AP,True
2607.02269,cs.CV,True
2607.02269,cs.AI,False
2607.02290,cs.CV,True
2607.03633,cs.CV,True
2607.05518,cs.CR,True
2607.05518,cs.AI,False
2607.06020,stat.AP,True
2607.06020,stat.ME,False
2607.06020,stat.ML,False
2607.06495,cs.CL,True
2607.06495,cs.AI,False
2607.06495,cs.LG,False
2607.06495,stat.AP,False
2607.06989,cs.RO,True
2607.06989,eess.SY,False
2607.09780,cs.CV,True
2607.09780,cs.LG,False
2607.07320,cs.CV,True
2607.07438,cs.CV,True
2607.07498,cs.LG,True
2607.07498,cs.AI,False
2607.07670,cs.CL,True
2607.07670,cs.LG,False
2607.08725,cs.CV,True
2607.08725,cs.AI,False
2607.08725,cs.LG,False
2607.10413,cs.CV,True
2607.10413,cs.LG,False
2607.10990,cs.CV,True
2607.10998,cs.CV,True
2607.11548,cs.CV,True
2607.11548,cs.LG,False
2607.11844,cs.CV,True
2607.12362,cs.CV,True
2609.17539,cs.CL,True
2607.12702,cs.RO,True
2607.14616,cs.AI,True
2607.14616,cs.CV,False
2607.14809,cs.CV,True
2607.14924,cs.HC,True
2607.14924,cs.GR,False
2607.16597,cs.AI,True
2607.16597,math.OC,False
2607.16597,math.PR,False
2607.18009,stat.ME,True
2607.18009,stat.AP,False
2607.18084,cs.AI,True
2607.18084,cs.CL,False
2607.18084,cs.LG,False
2607.18922,eess.AS,True
2607.21267,cs.AI,True
2607.23303,econ.GN,True
2607.23303,physics.soc-ph,False
2607.23303,stat.AP,False
2607.23509,cs.LG,True
2607.23509,math.AT,False
2607.23509,stat.ML,False
2607.23930,eess.SY,True
2607.23930,cs.RO,False
2607.24573,cs.AI,True
2607.24611,cs.CV,True
2607.27125,cs.HC,True
2608.11228,stat.AP,True
2607.27574,cs.LG,True
2607.27574,cs.MA,False
2607.28500,stat.AP,True
2608.00876,cs.HC,True
2608.01260,cs.IR,True
2608.01260,cs.AI,False
2608.01696,cs.CV,True
2608.01696,cs.AI,False
2608.02081,cs.LG,True
2608.02285,cs.CV,True
2608.02379,cs.AI,True
2608.03416,cs.AI,True
2608.03416,cs.LG,False
2608.04581,cs.CV,True
2608.04589,cs.CV,True
2608.04589,cs.AI,False
2608.04612,cs.RO,True
2608.05030,cs.AI,True
2608.05560,cs.CV,True
2608.05560,cs.CL,False
2608.05971,cs.HC,True
2608.06102,cs.NI,True
2608.06102,cs.MM,False
2608.06290,stat.CO,True
2608.06290,stat.ME,False
2608.06290,stat.ML,False
2608.06635,stat.AP,True
2608.06841,cs.CV,True
2608.07168,stat.AP,True
2608.07168,stat.ME,False
2609.26056,cs.CV,True
2609.26056,cs.AI,False
2608.07932,cs.CV,True
2608.08157,cs.RO,True
2608.08531,cs.CV,True
2608.08736,cs.AI,True
2608.09156,cs.HC,True
2608.09200,cs.CV,True
2608.09762,cs.RO,True
2608.09824,stat.AP,True
2608.09887,cs.CV,True
2608.09887,cs.CY,False
2608.09887,cs.LG,False
2608.10606,cs.CL,True
2608.10983,cs.IR,True
2608.10983,cs.AI,False
2608.11203,cs.CV,True
2608.11505,stat.AP,True
2608.11505,q-fin.ST,False
2608.12920,cs.CV,True
2608.12926,cs.LG,True
2608.12926,cs.AI,False
2608.14377,cs.CL,True
2608.14377,cs.CV,False
2608.14776,cs.LG,True
2608.14776,cs.CY,False
2608.14776,cs.IR,False
2608.15688,cs.CV,True
2608.16642,cs.RO,True
2608.17060,cs.CV,True
2608.18423,cs.AI,True
2608.19133,cs.CL,True
2608.19480,cs.CV,True
2608.19646,cs.CV,True
2608.19723,cs.CV,True
2608.19723,cs.CL,False
2608.19778,cs.MA,True
2608.19778,cs.AI,False
2608.20087,cs.RO,True
2608.20087,cs.AI,False
2608.20127,cs.CV,True
2608.21530,cs.LG,True
2608.22507,cs.RO,True
2608.23435,cs.CV,True
2608.23435,cs.AI,False
2608.23776,cs.LG,True
2608.23776,cs.AI,False
2608.24439,cs.CV,True
2608.25126,cs.LG,True
2608.25246,cs.LG,True
2608.26800,cs.RO,True
2608.27362,stat.AP,True
2608.29487,cs.RO,True
2608.29563,cs.LG,True
2608.29563,cs.AI,False
2608.29563,cs.HC,False
2609.01337,cs.AI,True
2609.02705,cs.CV,True
2609.02854,cs.CV,True
2609.03786,cs.HC,True
2609.03790,cs.LG,True
2609.03810,cs.IR,True
2609.04754,cs.LG,True
2609.04803,cs.AI,True
2609.04803,cs.SI,False
2609.05584,physics.soc-ph,True
2609.05584,stat.AP,False
2609.05756,cs.DB,True
2609.05756,cs.AI,False
2609.06718,cs.RO,True
2609.06739,stat.AP,True
2609.06739,econ.GN,False
2609.07617,cs.LG,True
2609.08311,cs.HC,True
2609.08607,cs.CV,True
2609.10202,eess.SY,True
2609.10202,cs.RO,False
2609.10498,cs.CV,True
2609.10833,physics.soc-ph,True
2609.10833,stat.AP,False
2609.11083,cs.GR,True
2609.11224,cs.HC,True
2609.11224,cs.AI,False
2609.13966,cs.CV,True
2609.13966,cs.AI,False
2609.19194,cs.RO,True
2609.17923,cs.CV,True
2609.18207,cs.RO,True
2609.18207,cs.LG,False
2609.18260,cs.CV,True
2609.18406,cs.CV,True
2609.18634,cs.CV,True
2609.18634,cs.AI,False
2609.18634,cs.MM,False
2609.19354,cs.CV,True
2609.19354,cs.AI,False
2609.19354,cs.LG,False
2609.19505,cs.HC,True
2609.20768,cs.HC,True
2609.20768,cs.AI,False
2609.21100,cs.RO,True
2609.21674,econ.EM,True
2609.21674,stat.AP,False
2609.22497,cs.AI,True
2609.24025,cs.AI,True
2609.24040,cs.LG,True
2609.24040,cs.CV,False
2609.24482,cs.CV,True
2609.25525,cs.HC,True
2609.25525,cs.CY,False
2609.25569,cs.LG,True
2609.26923,cs.CV,True
2609.26923,cs.AI,False
2609.27245,stat.AP,True
2609.27269,cs.RO,True
2609.28049,cs.CV,True
2609.28049,cs.AI,False
2609.28175,cs.RO,True
2609.28352,cs.CL,True
2609.31765,cs.CV,True
2609.31765,physics.flu-dyn,False
2609.30026,cs.CV,True
2609.30753,cs.HC,True
2609.30753,cs.LG,False
2609.31840,cs.RO,True
2609.32982,stat.AP,True
2609.33076,cs.CV,True
2609.33076,cs.AI,False
2609.33450,cs.CV,True
2609.33664,stat.AP,True
2609.33752,stat.AP,True
2609.34710,cs.AI,True
2609.35562,cs.CV,True
2609.37167,cs.GR,True
2609.38105,cs.RO,True
2609.38588,cs.RO,True
2609.38611,stat.ME,True
2609.38611,math.ST,False
2609.38611,stat.AP,False
2609.38852,cs.RO,True
2609.39043,cs.IR,True
2609.39300,cs.CV,True
2610.01997,physics.soc-ph,True
2610.01997,stat.AP,False
